Latitude,Longitude,2018,2019,Index
24.66818,71.33144,12.6,13.3,0
24.66818,71.41106,44.6,30.4,1
24.66818,71.49069,60.6,46.9,2
24.66818,71.57031,77.0,74.4,3
24.66818,71.64994,23.2,40.4,4
24.66818,71.72956,26.3,44.1,5
24.66818,71.80919,34.3,54.5,6
24.66818,71.88882,44.6,70.9,7
24.66818,71.96844,44.9,54.1,8
24.66818,72.04807,63.1,57.2,9
24.66818,72.12769,15.9,10.6,10
24.66818,72.20732,8.42,4.54,11
24.66818,72.28694,6.64,3.59,12
24.66818,72.36657,3.54,0.646,13
24.58758,71.25181,0.501,0.59,14
24.58758,71.33144,24.2,29.0,15
24.58758,71.41106,94.0,75.6,16
24.58758,71.49069,126.0,111.0,17
24.58758,71.57031,125.0,105.0,18
24.58758,71.64994,102.0,85.8,19
24.58758,71.72956,107.0,96.0,20
24.58758,71.80919,121.0,103.0,21
24.58758,71.88882,113.0,112.0,22
24.58758,71.96844,117.0,110.0,23
24.58758,72.04807,135.0,112.0,24
24.58758,72.12769,74.8,56.8,25
24.58758,72.20732,66.9,49.6,26
24.58758,72.28694,41.9,30.3,27
24.58758,72.36657,9.12,6.69,28
24.50698,71.25181,1.16,0.668,29
24.50698,71.33144,22.6,28.1,30
24.50698,71.41106,93.2,85.3,31
24.50698,71.49069,138.0,115.0,32
24.50698,71.57031,114.0,114.0,33
24.50698,71.64994,118.0,112.0,34
24.50698,71.72956,111.0,113.0,35
24.50698,71.80919,129.0,104.0,36
24.50698,71.88882,129.0,113.0,37
24.50698,71.96844,114.0,107.0,38
24.50698,72.04807,117.0,98.2,39
24.50698,72.12769,88.1,77.7,40
24.50698,72.20732,92.5,82.9,41
24.50698,72.28694,83.2,71.8,42
24.50698,72.36657,33.1,27.9,43
24.50698,72.44619,7.18,8.1,44
24.50698,72.60544,5.17,0.328,45
24.50698,72.68507,1.94,0.579,46
24.42638,71.33144,17.7,21.0,47
24.42638,71.41106,94.3,99.5,48
24.42638,71.49069,99.8,119.0,49
24.42638,71.57031,117.0,121.0,50
24.42638,71.64994,118.0,133.0,51
24.42638,71.72956,104.0,131.0,52
24.42638,71.80919,125.0,134.0,53
24.42638,71.88882,124.0,143.0,54
24.42638,71.96844,111.0,132.0,55
24.42638,72.04807,128.0,132.0,56
24.42638,72.12769,106.0,119.0,57
24.42638,72.20732,94.2,106.0,58
24.42638,72.28694,66.5,77.6,59
24.42638,72.36657,57.2,69.9,60
24.42638,72.44619,20.9,23.8,61
24.42638,72.52582,16.7,23.5,62
24.42638,72.60544,22.7,21.4,63
24.42638,72.68507,13.3,11.6,64
24.42638,73.00357,6.24,7.77,65
24.42638,73.08319,6.82,10.6,66
24.42638,73.16282,2.75,1.72,67
24.34578,71.25181,0.46,0.23,68
24.34578,71.33144,13.6,15.5,69
24.34578,71.41106,92.9,102.0,70
24.34578,71.49069,109.0,116.0,71
24.34578,71.57031,117.0,131.0,72
24.34578,71.64994,118.0,156.0,73
24.34578,71.72956,115.0,153.0,74
24.34578,71.80919,131.0,159.0,75
24.34578,71.88882,123.0,156.0,76
24.34578,71.96844,113.0,146.0,77
24.34578,72.04807,127.0,154.0,78
24.34578,72.12769,118.0,147.0,79
24.34578,72.20732,99.2,127.0,80
24.34578,72.28694,45.4,64.0,81
24.34578,72.36657,40.1,53.5,82
24.34578,72.44619,42.1,39.2,83
24.34578,72.52582,57.1,57.7,84
24.34578,72.60544,23.3,23.7,85
24.34578,72.68507,9.54,14.0,86
24.34578,73.00357,9.77,14.0,87
24.34578,73.08319,22.9,30.9,88
24.34578,73.16282,5.92,6.25,89
24.34578,73.24244,3.49,3.81,90
24.26518,71.25181,1.28,0.857,91
24.26518,71.33144,21.8,28.8,92
24.26518,71.41106,102.0,111.0,93
24.26518,71.49069,98.4,127.0,94
24.26518,71.57031,82.4,116.0,95
24.26518,71.64994,123.0,160.0,96
24.26518,71.72956,126.0,153.0,97
24.26518,71.80919,127.0,156.0,98
24.26518,71.88882,120.0,162.0,99
24.26518,71.96844,127.0,143.0,100
24.26518,72.04807,130.0,147.0,101
24.26518,72.12769,121.0,156.0,102
24.26518,72.20732,131.0,140.0,103
24.26518,72.28694,125.0,138.0,104
24.26518,72.36657,129.0,143.0,105
24.26518,72.44619,114.0,135.0,106
24.26518,72.52582,74.7,111.0,107
24.26518,72.60544,12.6,10.1,108
24.26518,72.68507,13.2,9.22,109
24.26518,72.76469,8.03,8.55,110
24.26518,72.84432,7.2,9.11,111
24.26518,72.92394,7.15,7.03,112
24.26518,73.00357,21.4,20.3,113
24.26518,73.08319,14.9,19.4,114
24.26518,73.16282,2.37,1.57,115
24.26518,73.24244,1.78,0.64,116
24.18458,71.25181,0.339,0.616,117
24.18458,71.33144,22.0,26.9,118
24.18458,71.41106,97.3,101.0,119
24.18458,71.49069,97.2,111.0,120
24.18458,71.57031,95.2,125.0,121
24.18458,71.64994,123.0,160.0,122
24.18458,71.72956,121.0,155.0,123
24.18458,71.80919,123.0,153.0,124
24.18458,71.88882,116.0,151.0,125
24.18458,71.96844,121.0,145.0,126
24.18458,72.04807,129.0,144.0,127
24.18458,72.12769,122.0,157.0,128
24.18458,72.20732,126.0,155.0,129
24.18458,72.28694,142.0,154.0,130
24.18458,72.36657,129.0,146.0,131
24.18458,72.44619,120.0,148.0,132
24.18458,72.52582,121.0,161.0,133
24.18458,72.60544,38.7,43.8,134
24.18458,72.68507,39.5,45.5,135
24.18458,72.76469,48.2,29.3,136
24.18458,72.84432,23.4,20.1,137
24.18458,72.92394,28.0,23.4,138
24.18458,73.00357,48.3,34.8,139
24.18458,73.08319,14.2,14.0,140
24.18458,73.16282,7.57,2.36,141
24.10398,71.25181,0.57,0.474,142
24.10398,71.33144,20.2,21.5,143
24.10398,71.41106,90.3,97.2,144
24.10398,71.49069,102.0,113.0,145
24.10398,71.57031,94.7,119.0,146
24.10398,71.64994,121.0,163.0,147
24.10398,71.72956,116.0,153.0,148
24.10398,71.80919,115.0,153.0,149
24.10398,71.88882,118.0,144.0,150
24.10398,71.96844,118.0,145.0,151
24.10398,72.04807,115.0,144.0,152
24.10398,72.12769,121.0,155.0,153
24.10398,72.20732,124.0,154.0,154
24.10398,72.28694,128.0,154.0,155
24.10398,72.36657,136.0,147.0,156
24.10398,72.44619,134.0,149.0,157
24.10398,72.52582,131.0,160.0,158
24.10398,72.60544,106.0,98.4,159
24.10398,72.68507,74.0,75.2,160
24.10398,72.76469,30.3,25.8,161
24.10398,72.84432,23.1,22.9,162
24.10398,72.92394,67.9,61.4,163
24.10398,73.00357,189.0,183.0,164
24.10398,73.08319,126.0,99.9,165
24.10398,73.16282,36.9,35.0,166
24.10398,73.24244,3.86,2.89,167
24.02338,71.25181,0.561,0.373,168
24.02338,71.33144,19.3,13.9,169
24.02338,71.41106,67.8,63.3,170
24.02338,71.49069,84.3,83.0,171
24.02338,71.57031,86.1,107.0,172
24.02338,71.64994,117.0,160.0,173
24.02338,71.72956,110.0,149.0,174
24.02338,71.80919,130.0,150.0,175
24.02338,71.88882,114.0,140.0,176
24.02338,71.96844,112.0,142.0,177
24.02338,72.04807,130.0,145.0,178
24.02338,72.12769,122.0,157.0,179
24.02338,72.20732,126.0,158.0,180
24.02338,72.28694,144.0,150.0,181
24.02338,72.36657,121.0,124.0,182
24.02338,72.44619,114.0,129.0,183
24.02338,72.52582,83.3,117.0,184
24.02338,72.60544,102.0,93.4,185
24.02338,72.68507,93.9,94.6,186
24.02338,72.76469,61.4,63.9,187
24.02338,72.84432,31.9,26.5,188
24.02338,72.92394,64.9,68.2,189
24.02338,73.00357,192.0,190.0,190
24.02338,73.08319,156.0,156.0,191
24.02338,73.16282,54.3,50.7,192
24.02338,73.24244,3.92,10.1,193
24.02338,73.32207,4.07,3.69,194
24.02338,73.40169,8.72,10.6,195
23.94278,70.13706,2.0,5.38,196
23.94278,70.21669,6.46,8.18,197
23.94278,70.37594,10.6,9.26,198
23.94278,70.45556,7.96,10.6,199
23.94278,70.53519,15.7,16.2,200
23.94278,70.61481,13.3,22.2,201
23.94278,70.69444,9.87,17.5,202
23.94278,70.77406,5.62,8.58,203
23.94278,70.85369,0.675,0.754,204
23.94278,71.01294,0.216,0.0603,205
23.94278,71.09256,0.444,0.395,206
23.94278,71.25181,1.49,0.98,207
23.94278,71.33144,79.7,67.9,208
23.94278,71.41106,74.2,64.6,209
23.94278,71.49069,61.7,75.5,210
23.94278,71.57031,83.0,142.0,211
23.94278,71.64994,239.0,242.0,212
23.94278,71.72956,150.0,154.0,213
23.94278,71.80919,115.0,119.0,214
23.94278,71.88882,103.0,107.0,215
23.94278,71.96844,139.0,165.0,216
23.94278,72.04807,147.0,167.0,217
23.94278,72.12769,152.0,183.0,218
23.94278,72.20732,206.0,189.0,219
23.94278,72.28694,201.0,182.0,220
23.94278,72.36657,180.0,170.0,221
23.94278,72.44619,175.0,161.0,222
23.94278,72.52582,144.0,158.0,223
23.94278,72.60544,143.0,164.0,224
23.94278,72.68507,172.0,177.0,225
23.94278,72.76469,133.0,149.0,226
23.94278,72.84432,120.0,133.0,227
23.94278,72.92394,151.0,149.0,228
23.94278,73.00357,238.0,215.0,229
23.94278,73.08319,214.0,180.0,230
23.94278,73.16282,89.5,70.5,231
23.94278,73.24244,20.4,17.0,232
23.94278,73.32207,21.3,20.4,233
23.94278,73.40169,19.7,17.7,234
23.86218,70.13706,3.27,6.88,235
23.86218,70.21669,19.9,16.8,236
23.86218,70.29631,28.7,20.6,237
23.86218,70.37594,25.0,18.9,238
23.86218,70.45556,22.8,20.5,239
23.86218,70.53519,25.7,22.5,240
23.86218,70.61481,74.7,83.8,241
23.86218,70.69444,65.0,75.0,242
23.86218,70.77406,17.4,20.5,243
23.86218,70.85369,4.12,5.42,244
23.86218,71.01294,1.52,3.19,245
23.86218,71.09256,6.06,8.62,246
23.86218,71.17219,12.7,10.1,247
23.86218,71.25181,15.2,12.7,248
23.86218,71.33144,74.5,65.8,249
23.86218,71.41106,69.6,63.1,250
23.86218,71.49069,72.9,87.4,251
23.86218,71.57031,99.3,154.0,252
23.86218,71.64994,188.0,220.0,253
23.86218,71.72956,158.0,162.0,254
23.86218,71.80919,117.0,126.0,255
23.86218,71.88882,110.0,143.0,256
23.86218,71.96844,165.0,197.0,257
23.86218,72.04807,169.0,187.0,258
23.86218,72.12769,187.0,192.0,259
23.86218,72.20732,204.0,195.0,260
23.86218,72.28694,208.0,191.0,261
23.86218,72.36657,198.0,184.0,262
23.86218,72.44619,194.0,184.0,263
23.86218,72.52582,166.0,168.0,264
23.86218,72.60544,166.0,170.0,265
23.86218,72.68507,182.0,194.0,266
23.86218,72.76469,166.0,182.0,267
23.86218,72.84432,166.0,176.0,268
23.86218,72.92394,190.0,189.0,269
23.86218,73.00357,204.0,186.0,270
23.86218,73.08319,207.0,179.0,271
23.86218,73.16282,128.0,134.0,272
23.86218,73.24244,65.2,73.3,273
23.86218,73.32207,85.8,78.3,274
23.86218,73.40169,14.9,13.7,275
23.78158,70.13706,0.545,3.65,276
23.78158,70.21669,6.53,9.5,277
23.78158,70.29631,16.7,10.9,278
23.78158,70.37594,9.68,7.38,279
23.78158,70.45556,2.35,1.9,280
23.78158,70.53519,4.51,4.51,281
23.78158,70.61481,15.0,24.2,282
23.78158,70.69444,27.4,33.5,283
23.78158,70.77406,16.3,17.1,284
23.78158,70.85369,4.39,4.6,285
23.78158,71.09256,14.8,13.5,286
23.78158,71.17219,24.6,20.7,287
23.78158,71.25181,16.9,18.2,288
23.78158,71.33144,70.6,62.7,289
23.78158,71.41106,15.6,15.6,290
23.78158,71.49069,45.4,61.1,291
23.78158,71.57031,81.1,149.0,292
23.78158,71.64994,122.0,155.0,293
23.78158,71.72956,158.0,197.0,294
23.78158,71.80919,195.0,239.0,295
23.78158,71.88882,214.0,251.0,296
23.78158,71.96844,216.0,243.0,297
23.78158,72.04807,235.0,259.0,298
23.78158,72.12769,252.0,229.0,299
23.78158,72.20732,285.0,256.0,300
23.78158,72.28694,308.0,271.0,301
23.78158,72.36657,239.0,203.0,302
23.78158,72.44619,244.0,220.0,303
23.78158,72.52582,206.0,226.0,304
23.78158,72.60544,218.0,203.0,305
23.78158,72.68507,233.0,219.0,306
23.78158,72.76469,242.0,240.0,307
23.78158,72.84432,222.0,197.0,308
23.78158,72.92394,256.0,252.0,309
23.78158,73.00357,213.0,222.0,310
23.78158,73.08319,206.0,195.0,311
23.78158,73.16282,95.7,95.5,312
23.78158,73.24244,140.0,125.0,313
23.78158,73.32207,136.0,134.0,314
23.78158,73.40169,15.6,16.5,315
23.78158,73.48132,9.88,13.1,316
23.70098,68.70381,21.1,8.02,317
23.70098,68.78344,20.9,8.24,318
23.70098,69.10194,13.2,14.2,319
23.70098,69.18156,12.4,17.1,320
23.70098,70.45556,23.1,46.9,321
23.70098,70.53519,34.9,44.4,322
23.70098,70.61481,55.4,81.5,323
23.70098,70.69444,52.3,74.9,324
23.70098,70.77406,41.2,37.3,325
23.70098,70.85369,5.08,4.78,326
23.70098,70.93331,2.32,5.91,327
23.70098,71.09256,3.39,4.99,328
23.70098,71.17219,2.27,3.77,329
23.70098,71.25181,2.2,1.64,330
23.70098,71.33144,15.1,11.1,331
23.70098,71.41106,16.0,16.4,332
23.70098,71.49069,60.9,74.9,333
23.70098,71.57031,87.4,150.0,334
23.70098,71.64994,110.0,156.0,335
23.70098,71.72956,163.0,200.0,336
23.70098,71.80919,220.0,263.0,337
23.70098,71.88882,218.0,239.0,338
23.70098,71.96844,195.0,229.0,339
23.70098,72.04807,216.0,239.0,340
23.70098,72.12769,261.0,227.0,341
23.70098,72.20732,243.0,223.0,342
23.70098,72.28694,238.0,211.0,343
23.70098,72.36657,234.0,196.0,344
23.70098,72.44619,227.0,205.0,345
23.70098,72.52582,192.0,207.0,346
23.70098,72.60544,222.0,208.0,347
23.70098,72.68507,226.0,201.0,348
23.70098,72.76469,224.0,208.0,349
23.70098,72.84432,211.0,172.0,350
23.70098,72.92394,242.0,217.0,351
23.70098,73.00357,187.0,212.0,352
23.70098,73.08319,153.0,135.0,353
23.70098,73.16282,74.5,87.1,354
23.70098,73.24244,169.0,159.0,355
23.70098,73.32207,173.0,143.0,356
23.70098,73.40169,40.4,37.5,357
23.70098,73.48132,32.0,37.2,358
23.70098,73.56094,2.85,29.1,359
23.62038,68.70381,20.3,5.37,360
23.62038,68.78344,18.9,5.49,361
23.62038,68.94269,5.94,7.07,362
23.62038,69.02231,7.74,9.18,363
23.62038,69.10194,10.4,12.2,364
23.62038,69.18156,8.7,12.4,365
23.62038,70.29631,30.3,35.6,366
23.62038,70.37594,53.7,63.2,367
23.62038,70.45556,61.6,87.8,368
23.62038,70.53519,66.0,70.3,369
23.62038,70.61481,63.4,71.7,370
23.62038,70.69444,66.8,68.5,371
23.62038,70.77406,47.7,56.5,372
23.62038,70.85369,18.4,12.0,373
23.62038,70.93331,5.11,8.17,374
23.62038,71.41106,19.6,24.6,375
23.62038,71.49069,108.0,111.0,376
23.62038,71.57031,90.8,145.0,377
23.62038,71.64994,108.0,168.0,378
23.62038,71.72956,165.0,167.0,379
23.62038,71.80919,224.0,232.0,380
23.62038,71.88882,208.0,234.0,381
23.62038,71.96844,154.0,180.0,382
23.62038,72.04807,190.0,178.0,383
23.62038,72.12769,181.0,178.0,384
23.62038,72.20732,196.0,181.0,385
23.62038,72.28694,230.0,188.0,386
23.62038,72.36657,198.0,182.0,387
23.62038,72.44619,214.0,195.0,388
23.62038,72.52582,230.0,205.0,389
23.62038,72.60544,207.0,205.0,390
23.62038,72.68507,214.0,197.0,391
23.62038,72.76469,196.0,167.0,392
23.62038,72.84432,156.0,165.0,393
23.62038,72.92394,166.0,172.0,394
23.62038,73.00357,183.0,170.0,395
23.62038,73.08319,157.0,192.0,396
23.62038,73.16282,84.1,93.8,397
23.62038,73.24244,109.0,112.0,398
23.62038,73.32207,142.0,128.0,399
23.62038,73.40169,99.5,92.9,400
23.62038,73.48132,145.0,140.0,401
23.62038,73.56094,47.8,47.1,402
23.62038,73.64057,14.1,13.2,403
23.53978,68.94269,6.15,7.82,404
23.53978,69.02231,9.03,10.6,405
23.53978,69.10194,7.04,11.5,406
23.53978,69.18156,6.42,9.69,407
23.53978,69.34081,2.45,6.63,408
23.53978,69.42044,3.12,10.2,409
23.53978,69.50006,15.2,14.9,410
23.53978,69.57969,10.6,13.5,411
23.53978,69.65931,2.63,1.39,412
23.53978,69.73894,1.51,1.18,413
23.53978,69.81856,0.00695,0.314,414
23.53978,70.21669,13.4,29.8,415
23.53978,70.29631,45.2,49.0,416
23.53978,70.37594,58.2,71.2,417
23.53978,70.45556,72.7,77.3,418
23.53978,70.53519,70.0,56.6,419
23.53978,70.61481,62.3,64.1,420
23.53978,70.69444,66.8,63.1,421
23.53978,70.77406,69.7,57.6,422
23.53978,70.85369,26.4,16.6,423
23.53978,70.93331,3.48,7.47,424
23.53978,71.01294,2.84,3.88,425
23.53978,71.41106,1.94,2.77,426
23.53978,71.49069,23.0,19.9,427
23.53978,71.57031,85.7,138.0,428
23.53978,71.64994,105.0,169.0,429
23.53978,71.72956,149.0,185.0,430
23.53978,71.80919,179.0,223.0,431
23.53978,71.88882,196.0,233.0,432
23.53978,71.96844,137.0,177.0,433
23.53978,72.04807,150.0,168.0,434
23.53978,72.12769,175.0,184.0,435
23.53978,72.20732,201.0,199.0,436
23.53978,72.28694,235.0,220.0,437
23.53978,72.36657,213.0,208.0,438
23.53978,72.44619,234.0,215.0,439
23.53978,72.52582,210.0,241.0,440
23.53978,72.60544,209.0,227.0,441
23.53978,72.68507,214.0,219.0,442
23.53978,72.76469,189.0,195.0,443
23.53978,72.84432,156.0,153.0,444
23.53978,72.92394,159.0,168.0,445
23.53978,73.00357,180.0,192.0,446
23.53978,73.08319,192.0,204.0,447
23.53978,73.16282,154.0,135.0,448
23.53978,73.24244,154.0,142.0,449
23.53978,73.32207,148.0,128.0,450
23.53978,73.40169,140.0,116.0,451
23.53978,73.48132,153.0,148.0,452
23.53978,73.56094,131.0,113.0,453
23.53978,73.64057,90.2,83.2,454
23.45918,68.62419,1.39,5.01,455
23.45918,68.70381,2.13,2.23,456
23.45918,68.94269,3.41,2.87,457
23.45918,69.02231,6.52,4.22,458
23.45918,69.10194,5.95,12.1,459
23.45918,69.18156,9.33,14.0,460
23.45918,69.34081,7.1,8.72,461
23.45918,69.42044,10.1,8.36,462
23.45918,69.50006,46.1,21.8,463
23.45918,69.57969,34.3,23.7,464
23.45918,69.65931,40.7,39.2,465
23.45918,69.73894,54.8,50.8,466
23.45918,69.81856,11.5,27.0,467
23.45918,69.89819,33.8,41.1,468
23.45918,69.97781,6.78,9.29,469
23.45918,70.13706,4.64,10.9,470
23.45918,70.21669,8.23,13.1,471
23.45918,70.29631,29.6,24.3,472
23.45918,70.37594,25.0,26.3,473
23.45918,70.45556,32.2,38.2,474
23.45918,70.53519,30.7,28.2,475
23.45918,70.61481,17.3,29.6,476
23.45918,70.69444,23.6,22.0,477
23.45918,70.77406,43.6,46.5,478
23.45918,70.85369,19.8,21.0,479
23.45918,70.93331,3.9,7.51,480
23.45918,71.01294,3.88,3.75,481
23.45918,71.49069,10.1,19.2,482
23.45918,71.57031,105.0,119.0,483
23.45918,71.64994,253.0,184.0,484
23.45918,71.72956,223.0,188.0,485
23.45918,71.80919,181.0,235.0,486
23.45918,71.88882,243.0,265.0,487
23.45918,71.96844,210.0,208.0,488
23.45918,72.04807,170.0,180.0,489
23.45918,72.12769,173.0,204.0,490
23.45918,72.20732,211.0,218.0,491
23.45918,72.28694,194.0,222.0,492
23.45918,72.36657,195.0,238.0,493
23.45918,72.44619,228.0,248.0,494
23.45918,72.52582,241.0,254.0,495
23.45918,72.60544,209.0,248.0,496
23.45918,72.68507,182.0,239.0,497
23.45918,72.76469,159.0,215.0,498
23.45918,72.84432,162.0,242.0,499
23.45918,72.92394,207.0,253.0,500
23.45918,73.00357,229.0,248.0,501
23.45918,73.08319,206.0,256.0,502
23.45918,73.16282,179.0,140.0,503
23.45918,73.24244,167.0,139.0,504
23.45918,73.32207,142.0,101.0,505
23.45918,73.40169,136.0,114.0,506
23.45918,73.48132,144.0,122.0,507
23.45918,73.56094,145.0,141.0,508
23.45918,73.64057,116.0,102.0,509
23.45918,73.72019,19.5,20.5,510
23.45918,73.79982,12.6,12.4,511
23.45918,73.87944,2.14,2.24,512
23.37858,68.62419,1.75,6.31,513
23.37858,68.70381,3.94,6.72,514
23.37858,68.78344,2.21,8.88,515
23.37858,68.86306,1.58,10.6,516
23.37858,68.94269,1.75,13.5,517
23.37858,69.02231,2.49,17.2,518
23.37858,69.10194,6.2,22.1,519
23.37858,69.18156,7.94,20.6,520
23.37858,69.26119,3.37,19.9,521
23.37858,69.34081,2.01,14.1,522
23.37858,69.42044,7.9,9.04,523
23.37858,69.50006,11.6,8.45,524
23.37858,69.57969,19.2,10.1,525
23.37858,69.65931,37.3,33.0,526
23.37858,69.73894,49.0,45.4,527
23.37858,69.81856,15.0,29.2,528
23.37858,69.89819,41.5,44.9,529
23.37858,69.97781,18.2,24.1,530
23.37858,70.05744,21.2,28.5,531
23.37858,70.13706,42.9,43.3,532
23.37858,70.21669,78.5,62.8,533
23.37858,70.29631,45.5,49.3,534
23.37858,70.37594,44.6,54.6,535
23.37858,70.45556,62.8,112.0,536
23.37858,70.53519,53.4,113.0,537
23.37858,70.61481,17.5,88.2,538
23.37858,70.69444,19.4,33.6,539
23.37858,70.77406,29.4,78.4,540
23.37858,70.85369,25.5,19.1,541
23.37858,70.93331,3.0,8.82,542
23.37858,71.57031,39.0,26.7,543
23.37858,71.64994,231.0,159.0,544
23.37858,71.72956,249.0,194.0,545
23.37858,71.80919,430.0,292.0,546
23.37858,71.88882,382.0,289.0,547
23.37858,71.96844,206.0,212.0,548
23.37858,72.04807,206.0,209.0,549
23.37858,72.12769,183.0,215.0,550
23.37858,72.20732,189.0,220.0,551
23.37858,72.28694,203.0,224.0,552
23.37858,72.36657,194.0,236.0,553
23.37858,72.44619,213.0,244.0,554
23.37858,72.52582,247.0,251.0,555
23.37858,72.60544,191.0,243.0,556
23.37858,72.68507,169.0,230.0,557
23.37858,72.76469,175.0,234.0,558
23.37858,72.84432,176.0,233.0,559
23.37858,72.92394,207.0,243.0,560
23.37858,73.00357,223.0,251.0,561
23.37858,73.08319,214.0,255.0,562
23.37858,73.16282,205.0,168.0,563
23.37858,73.24244,213.0,174.0,564
23.37858,73.32207,226.0,181.0,565
23.37858,73.40169,141.0,119.0,566
23.37858,73.48132,146.0,140.0,567
23.37858,73.56094,150.0,165.0,568
23.37858,73.64057,97.1,90.6,569
23.37858,73.72019,22.5,24.4,570
23.37858,73.79982,15.3,15.6,571
23.37858,73.87944,3.94,4.76,572
23.37858,73.95907,2.35,3.02,573
23.29797,68.70381,11.9,12.6,574
23.29797,68.78344,13.8,16.6,575
23.29797,68.86306,11.2,21.2,576
23.29797,68.94269,6.22,23.0,577
23.29797,69.02231,11.5,28.0,578
23.29797,69.10194,8.43,29.9,579
23.29797,69.18156,8.4,29.8,580
23.29797,69.26119,15.4,28.7,581
23.29797,69.34081,6.36,27.9,582
23.29797,69.42044,7.35,20.6,583
23.29797,69.50006,3.12,15.1,584
23.29797,69.57969,6.58,14.9,585
23.29797,69.65931,21.5,25.7,586
23.29797,69.73894,47.7,47.5,587
23.29797,69.81856,34.1,44.0,588
23.29797,69.89819,51.0,63.4,589
23.29797,69.97781,84.9,84.3,590
23.29797,70.05744,78.5,71.6,591
23.29797,70.13706,71.4,62.9,592
23.29797,70.21669,87.2,79.9,593
23.29797,70.29631,82.1,64.3,594
23.29797,70.37594,48.2,133.0,595
23.29797,70.45556,154.0,171.0,596
23.29797,70.53519,153.0,180.0,597
23.29797,70.61481,60.4,124.0,598
23.29797,70.69444,45.0,109.0,599
23.29797,70.77406,67.0,92.5,600
23.29797,70.85369,17.5,16.3,601
23.29797,70.93331,2.6,7.48,602
23.29797,71.57031,18.1,35.5,603
23.29797,71.64994,106.0,95.3,604
23.29797,71.72956,237.0,212.0,605
23.29797,71.80919,416.0,268.0,606
23.29797,71.88882,379.0,267.0,607
23.29797,71.96844,206.0,198.0,608
23.29797,72.04807,221.0,205.0,609
23.29797,72.12769,201.0,196.0,610
23.29797,72.20732,179.0,184.0,611
23.29797,72.28694,186.0,189.0,612
23.29797,72.36657,174.0,180.0,613
23.29797,72.44619,170.0,172.0,614
23.29797,72.52582,186.0,196.0,615
23.29797,72.60544,180.0,196.0,616
23.29797,72.68507,175.0,179.0,617
23.29797,72.76469,175.0,193.0,618
23.29797,72.84432,181.0,190.0,619
23.29797,72.92394,178.0,179.0,620
23.29797,73.00357,167.0,184.0,621
23.29797,73.08319,198.0,200.0,622
23.29797,73.16282,203.0,173.0,623
23.29797,73.24244,208.0,177.0,624
23.29797,73.32207,217.0,178.0,625
23.29797,73.40169,79.3,84.4,626
23.29797,73.48132,93.0,89.8,627
23.29797,73.56094,95.9,90.8,628
23.29797,73.64057,89.3,93.1,629
23.29797,73.72019,56.6,52.6,630
23.29797,73.79982,37.8,41.5,631
23.29797,73.87944,11.9,12.4,632
23.29797,73.95907,16.5,18.5,633
23.29797,74.03869,22.7,23.4,634
23.29797,74.11832,6.7,5.03,635
23.21737,68.70381,17.4,17.5,636
23.21737,68.78344,39.0,44.7,637
23.21737,68.86306,31.4,39.9,638
23.21737,68.94269,34.3,46.1,639
23.21737,69.02231,31.6,44.0,640
23.21737,69.10194,21.3,44.3,641
23.21737,69.18156,22.4,52.0,642
23.21737,69.26119,26.7,44.8,643
23.21737,69.34081,37.0,51.3,644
23.21737,69.42044,32.2,49.2,645
23.21737,69.50006,17.1,35.5,646
23.21737,69.57969,32.5,54.8,647
23.21737,69.65931,23.2,29.9,648
23.21737,69.73894,22.1,29.2,649
23.21737,69.81856,22.5,29.1,650
23.21737,69.89819,51.2,63.9,651
23.21737,69.97781,70.8,70.4,652
23.21737,70.05744,64.9,75.2,653
23.21737,70.13706,28.0,26.7,654
23.21737,70.21669,27.2,30.7,655
23.21737,70.29631,25.5,27.2,656
23.21737,70.37594,11.2,103.0,657
23.21737,70.45556,49.9,119.0,658
23.21737,70.53519,106.0,145.0,659
23.21737,70.61481,27.6,110.0,660
23.21737,70.69444,17.3,25.2,661
23.21737,70.77406,7.76,65.5,662
23.21737,70.93331,3.78,6.38,663
23.21737,71.01294,12.0,11.5,664
23.21737,71.09256,18.1,16.8,665
23.21737,71.17219,16.3,16.0,666
23.21737,71.25181,5.55,6.32,667
23.21737,71.33144,9.85,9.12,668
23.21737,71.41106,0.495,2.74,669
23.21737,71.64994,35.0,54.3,670
23.21737,71.72956,129.0,124.0,671
23.21737,71.80919,329.0,257.0,672
23.21737,71.88882,357.0,271.0,673
23.21737,71.96844,272.0,247.0,674
23.21737,72.04807,270.0,245.0,675
23.21737,72.12769,199.0,192.0,676
23.21737,72.20732,171.0,174.0,677
23.21737,72.28694,183.0,170.0,678
23.21737,72.36657,177.0,172.0,679
23.21737,72.44619,139.0,135.0,680
23.21737,72.52582,127.0,153.0,681
23.21737,72.60544,101.0,145.0,682
23.21737,72.68507,103.0,132.0,683
23.21737,72.76469,163.0,176.0,684
23.21737,72.84432,155.0,177.0,685
23.21737,72.92394,160.0,177.0,686
23.21737,73.00357,161.0,165.0,687
23.21737,73.08319,178.0,174.0,688
23.21737,73.16282,196.0,160.0,689
23.21737,73.24244,211.0,187.0,690
23.21737,73.32207,222.0,186.0,691
23.21737,73.40169,74.5,83.5,692
23.21737,73.48132,77.7,77.5,693
23.21737,73.56094,66.6,73.5,694
23.21737,73.64057,98.5,81.0,695
23.21737,73.72019,85.0,94.8,696
23.21737,73.79982,87.7,90.0,697
23.21737,73.87944,45.8,57.2,698
23.21737,73.95907,43.8,58.8,699
23.21737,74.03869,46.5,45.1,700
23.21737,74.11832,10.5,7.85,701
23.21737,74.19794,5.65,4.33,702
23.21737,74.27757,2.76,2.13,703
23.13677,68.70381,9.29,10.9,704
23.13677,68.78344,36.6,36.3,705
23.13677,68.86306,43.0,34.7,706
23.13677,68.94269,37.5,38.1,707
23.13677,69.02231,25.1,39.0,708
23.13677,69.10194,20.9,44.8,709
23.13677,69.18156,18.9,48.8,710
23.13677,69.26119,23.0,51.2,711
23.13677,69.34081,41.7,52.2,712
23.13677,69.42044,19.4,34.4,713
23.13677,69.50006,7.33,26.8,714
23.13677,69.57969,18.6,28.4,715
23.13677,69.65931,18.0,23.1,716
23.13677,69.73894,18.5,20.4,717
23.13677,69.81856,11.1,17.8,718
23.13677,69.89819,28.1,28.6,719
23.13677,69.97781,67.4,52.8,720
23.13677,70.05744,25.6,21.4,721
23.13677,70.13706,3.28,3.73,722
23.13677,70.21669,0.332,0.19,723
23.13677,70.45556,0.366,1.41,724
23.13677,70.53519,0.518,2.52,725
23.13677,70.61481,2.9,3.12,726
23.13677,70.69444,103.0,88.0,727
23.13677,70.77406,130.0,103.0,728
23.13677,70.85369,110.0,81.8,729
23.13677,70.93331,169.0,170.0,730
23.13677,71.01294,178.0,168.0,731
23.13677,71.09256,248.0,221.0,732
23.13677,71.17219,265.0,233.0,733
23.13677,71.25181,242.0,228.0,734
23.13677,71.33144,252.0,232.0,735
23.13677,71.41106,122.0,106.0,736
23.13677,71.49069,142.0,131.0,737
23.13677,71.57031,82.9,89.7,738
23.13677,71.64994,43.2,58.0,739
23.13677,71.72956,65.2,48.8,740
23.13677,71.80919,209.0,198.0,741
23.13677,71.88882,266.0,249.0,742
23.13677,71.96844,247.0,240.0,743
23.13677,72.04807,244.0,228.0,744
23.13677,72.12769,186.0,187.0,745
23.13677,72.20732,154.0,150.0,746
23.13677,72.28694,160.0,156.0,747
23.13677,72.36657,154.0,154.0,748
23.13677,72.44619,130.0,133.0,749
23.13677,72.52582,52.3,77.0,750
23.13677,72.60544,52.3,77.5,751
23.13677,72.68507,92.4,99.0,752
23.13677,72.76469,119.0,154.0,753
23.13677,72.84432,119.0,166.0,754
23.13677,72.92394,131.0,175.0,755
23.13677,73.00357,98.8,152.0,756
23.13677,73.08319,100.0,160.0,757
23.13677,73.16282,138.0,142.0,758
23.13677,73.24244,152.0,149.0,759
23.13677,73.32207,149.0,144.0,760
23.13677,73.40169,75.9,78.7,761
23.13677,73.48132,75.6,75.9,762
23.13677,73.56094,73.2,77.1,763
23.13677,73.64057,79.2,81.9,764
23.13677,73.72019,65.2,63.7,765
23.13677,73.79982,58.0,61.7,766
23.13677,73.87944,49.3,68.8,767
23.13677,73.95907,49.6,63.3,768
23.13677,74.03869,42.3,44.5,769
23.13677,74.11832,12.9,10.5,770
23.13677,74.19794,20.2,18.9,771
23.13677,74.27757,8.39,6.15,772
23.13677,74.35719,0.884,0.983,773
23.05617,68.78344,13.0,36.5,774
23.05617,68.86306,40.0,34.1,775
23.05617,68.94269,36.2,44.7,776
23.05617,69.02231,27.4,44.8,777
23.05617,69.10194,21.6,41.5,778
23.05617,69.18156,24.5,48.6,779
23.05617,69.26119,30.2,42.9,780
23.05617,69.34081,34.3,56.6,781
23.05617,69.42044,16.9,29.4,782
23.05617,69.50006,9.32,23.5,783
23.05617,69.57969,14.7,26.3,784
23.05617,69.65931,15.6,21.8,785
23.05617,69.73894,11.9,21.8,786
23.05617,69.81856,9.29,18.3,787
23.05617,69.89819,23.1,23.3,788
23.05617,69.97781,24.2,25.2,789
23.05617,70.05744,20.0,28.2,790
23.05617,70.53519,102.0,85.1,791
23.05617,70.61481,304.0,221.0,792
23.05617,70.69444,681.0,313.0,793
23.05617,70.77406,563.0,275.0,794
23.05617,70.85369,470.0,271.0,795
23.05617,70.93331,530.0,272.0,796
23.05617,71.01294,453.0,255.0,797
23.05617,71.09256,386.0,235.0,798
23.05617,71.17219,383.0,226.0,799
23.05617,71.25181,369.0,224.0,800
23.05617,71.33144,339.0,224.0,801
23.05617,71.41106,332.0,225.0,802
23.05617,71.49069,290.0,221.0,803
23.05617,71.57031,278.0,197.0,804
23.05617,71.64994,181.0,173.0,805
23.05617,71.72956,146.0,159.0,806
23.05617,71.80919,216.0,148.0,807
23.05617,71.88882,80.3,94.5,808
23.05617,71.96844,164.0,139.0,809
23.05617,72.04807,278.0,230.0,810
23.05617,72.12769,265.0,233.0,811
23.05617,72.20732,251.0,230.0,812
23.05617,72.28694,218.0,211.0,813
23.05617,72.36657,195.0,178.0,814
23.05617,72.44619,98.5,105.0,815
23.05617,72.52582,19.2,28.7,816
23.05617,72.60544,8.59,42.5,817
23.05617,72.68507,103.0,97.4,818
23.05617,72.76469,146.0,190.0,819
23.05617,72.84432,138.0,177.0,820
23.05617,72.92394,130.0,179.0,821
23.05617,73.00357,140.0,193.0,822
23.05617,73.08319,133.0,173.0,823
23.05617,73.16282,146.0,171.0,824
23.05617,73.24244,147.0,162.0,825
23.05617,73.32207,81.1,92.5,826
23.05617,73.40169,88.5,78.6,827
23.05617,73.48132,81.0,79.8,828
23.05617,73.56094,90.0,70.7,829
23.05617,73.64057,68.2,71.7,830
23.05617,73.72019,29.8,35.1,831
23.05617,73.79982,31.7,33.5,832
23.05617,73.87944,61.2,56.1,833
23.05617,73.95907,31.9,36.2,834
23.05617,74.03869,12.1,13.2,835
23.05617,74.11832,8.86,8.59,836
23.05617,74.19794,12.2,12.6,837
23.05617,74.27757,7.37,6.86,838
23.05617,74.35719,1.66,0.699,839
22.97557,68.86306,25.3,50.0,840
22.97557,68.94269,24.4,55.6,841
22.97557,69.02231,24.0,53.3,842
22.97557,69.10194,23.8,58.5,843
22.97557,69.18156,28.2,46.7,844
22.97557,69.26119,31.6,47.2,845
22.97557,69.34081,38.0,62.4,846
22.97557,69.42044,21.4,29.8,847
22.97557,69.50006,13.9,24.1,848
22.97557,69.57969,13.0,23.5,849
22.97557,69.65931,11.7,18.5,850
22.97557,69.73894,15.9,19.8,851
22.97557,69.81856,6.26,13.5,852
22.97557,69.89819,6.49,14.2,853
22.97557,69.97781,17.9,20.7,854
22.97557,70.05744,10.9,30.4,855
22.97557,70.53519,124.0,123.0,856
22.97557,70.61481,447.0,248.0,857
22.97557,70.69444,749.0,319.0,858
22.97557,70.77406,619.0,299.0,859
22.97557,70.85369,528.0,301.0,860
22.97557,70.93331,536.0,281.0,861
22.97557,71.01294,492.0,266.0,862
22.97557,71.09256,416.0,258.0,863
22.97557,71.17219,393.0,213.0,864
22.97557,71.25181,352.0,236.0,865
22.97557,71.33144,347.0,266.0,866
22.97557,71.41106,336.0,210.0,867
22.97557,71.49069,314.0,178.0,868
22.97557,71.57031,282.0,207.0,869
22.97557,71.64994,224.0,168.0,870
22.97557,71.72956,231.0,178.0,871
22.97557,71.80919,223.0,158.0,872
22.97557,71.88882,93.7,93.0,873
22.97557,71.96844,169.0,133.0,874
22.97557,72.04807,254.0,215.0,875
22.97557,72.12769,243.0,251.0,876
22.97557,72.20732,233.0,269.0,877
22.97557,72.28694,211.0,207.0,878
22.97557,72.36657,211.0,210.0,879
22.97557,72.44619,164.0,171.0,880
22.97557,72.52582,72.7,84.2,881
22.97557,72.60544,71.9,105.0,882
22.97557,72.68507,150.0,181.0,883
22.97557,72.76469,163.0,241.0,884
22.97557,72.84432,150.0,247.0,885
22.97557,72.92394,150.0,255.0,886
22.97557,73.00357,146.0,247.0,887
22.97557,73.08319,149.0,225.0,888
22.97557,73.16282,159.0,220.0,889
22.97557,73.24244,165.0,189.0,890
22.97557,73.32207,141.0,198.0,891
22.97557,73.40169,89.8,86.4,892
22.97557,73.48132,88.5,78.1,893
22.97557,73.56094,89.4,82.8,894
22.97557,73.64057,101.0,76.6,895
22.97557,73.72019,75.1,78.7,896
22.97557,73.79982,70.0,56.6,897
22.97557,73.87944,54.0,72.0,898
22.97557,73.95907,18.2,15.9,899
22.97557,74.03869,6.08,4.37,900
22.97557,74.11832,10.4,7.54,901
22.97557,74.19794,5.56,6.81,902
22.97557,74.27757,5.11,3.2,903
22.89497,69.02231,6.31,17.7,904
22.89497,69.10194,12.2,26.5,905
22.89497,69.18156,51.6,75.3,906
22.89497,69.26119,107.0,129.0,907
22.89497,69.34081,146.0,179.0,908
22.89497,69.42044,142.0,185.0,909
22.89497,69.50006,87.2,123.0,910
22.89497,69.57969,41.9,58.2,911
22.89497,69.65931,34.9,41.6,912
22.89497,69.73894,32.3,41.4,913
22.89497,69.81856,6.61,6.02,914
22.89497,69.89819,6.06,4.84,915
22.89497,69.97781,7.64,7.19,916
22.89497,70.05744,12.3,25.8,917
22.89497,70.45556,137.0,141.0,918
22.89497,70.53519,212.0,137.0,919
22.89497,70.61481,490.0,231.0,920
22.89497,70.69444,747.0,301.0,921
22.89497,70.77406,654.0,310.0,922
22.89497,70.85369,534.0,270.0,923
22.89497,70.93331,498.0,259.0,924
22.89497,71.01294,428.0,261.0,925
22.89497,71.09256,340.0,233.0,926
22.89497,71.17219,318.0,206.0,927
22.89497,71.25181,328.0,237.0,928
22.89497,71.33144,339.0,256.0,929
22.89497,71.41106,328.0,206.0,930
22.89497,71.49069,307.0,187.0,931
22.89497,71.57031,268.0,211.0,932
22.89497,71.64994,229.0,163.0,933
22.89497,71.72956,227.0,154.0,934
22.89497,71.80919,213.0,166.0,935
22.89497,71.88882,136.0,127.0,936
22.89497,71.96844,118.0,111.0,937
22.89497,72.04807,167.0,156.0,938
22.89497,72.12769,250.0,251.0,939
22.89497,72.20732,225.0,262.0,940
22.89497,72.28694,217.0,229.0,941
22.89497,72.36657,216.0,221.0,942
22.89497,72.44619,187.0,210.0,943
22.89497,72.52582,149.0,209.0,944
22.89497,72.60544,149.0,200.0,945
22.89497,72.68507,152.0,222.0,946
22.89497,72.76469,158.0,252.0,947
22.89497,72.84432,147.0,256.0,948
22.89497,72.92394,147.0,264.0,949
22.89497,73.00357,144.0,258.0,950
22.89497,73.08319,152.0,261.0,951
22.89497,73.16282,167.0,244.0,952
22.89497,73.24244,166.0,203.0,953
22.89497,73.32207,162.0,220.0,954
22.89497,73.40169,83.6,81.9,955
22.89497,73.48132,79.3,78.4,956
22.89497,73.56094,82.4,76.4,957
22.89497,73.64057,93.8,74.9,958
22.89497,73.72019,64.9,74.6,959
22.89497,73.79982,65.7,72.1,960
22.89497,73.87944,29.7,34.4,961
22.89497,73.95907,24.1,24.9,962
22.89497,74.03869,13.4,11.8,963
22.89497,74.11832,10.6,6.86,964
22.89497,74.19794,5.52,6.53,965
22.89497,74.27757,7.81,9.12,966
22.89497,74.35719,8.23,8.02,967
22.89497,74.43682,7.26,7.75,968
22.81437,69.10194,3.16,25.3,969
22.81437,69.18156,7.4,24.0,970
22.81437,69.26119,20.1,27.1,971
22.81437,69.34081,23.7,34.1,972
22.81437,69.42044,41.9,53.3,973
22.81437,69.50006,25.6,45.0,974
22.81437,69.57969,15.5,25.3,975
22.81437,69.65931,14.7,21.3,976
22.81437,69.73894,6.92,14.4,977
22.81437,69.81856,4.0,10.6,978
22.81437,70.37594,300.0,117.0,979
22.81437,70.45556,256.0,106.0,980
22.81437,70.53519,435.0,155.0,981
22.81437,70.61481,495.0,157.0,982
22.81437,70.69444,570.0,187.0,983
22.81437,70.77406,529.0,171.0,984
22.81437,70.85369,314.0,152.0,985
22.81437,70.93331,189.0,140.0,986
22.81437,71.01294,219.0,152.0,987
22.81437,71.09256,230.0,145.0,988
22.81437,71.17219,222.0,133.0,989
22.81437,71.25181,246.0,145.0,990
22.81437,71.33144,255.0,164.0,991
22.81437,71.41106,236.0,154.0,992
22.81437,71.49069,194.0,148.0,993
22.81437,71.57031,237.0,173.0,994
22.81437,71.64994,224.0,176.0,995
22.81437,71.72956,256.0,170.0,996
22.81437,71.80919,207.0,180.0,997
22.81437,71.88882,232.0,177.0,998
22.81437,71.96844,211.0,177.0,999
22.81437,72.04807,61.7,45.6,1000
22.81437,72.12769,240.0,247.0,1001
22.81437,72.20732,226.0,255.0,1002
22.81437,72.28694,241.0,247.0,1003
22.81437,72.36657,224.0,225.0,1004
22.81437,72.44619,200.0,220.0,1005
22.81437,72.52582,143.0,204.0,1006
22.81437,72.60544,145.0,207.0,1007
22.81437,72.68507,139.0,211.0,1008
22.81437,72.76469,157.0,267.0,1009
22.81437,72.84432,152.0,275.0,1010
22.81437,72.92394,152.0,262.0,1011
22.81437,73.00357,154.0,265.0,1012
22.81437,73.08319,168.0,278.0,1013
22.81437,73.16282,171.0,236.0,1014
22.81437,73.24244,170.0,202.0,1015
22.81437,73.32207,168.0,248.0,1016
22.81437,73.40169,82.4,77.2,1017
22.81437,73.48132,81.6,74.1,1018
22.81437,73.56094,77.2,63.3,1019
22.81437,73.64057,91.7,68.9,1020
22.81437,73.72019,61.0,72.2,1021
22.81437,73.79982,59.2,72.4,1022
22.81437,73.87944,30.5,32.6,1023
22.81437,73.95907,24.0,25.2,1024
22.81437,74.03869,20.7,22.7,1025
22.81437,74.11832,13.6,10.9,1026
22.81437,74.19794,8.48,8.91,1027
22.81437,74.27757,12.5,12.2,1028
22.81437,74.35719,12.8,11.5,1029
22.81437,74.43682,8.18,8.35,1030
22.73377,69.57969,1.88,10.6,1031
22.73377,69.65931,0.403,8.57,1032
22.73377,70.29631,298.0,85.0,1033
22.73377,70.37594,190.0,113.0,1034
22.73377,70.45556,221.0,102.0,1035
22.73377,70.53519,449.0,130.0,1036
22.73377,70.61481,490.0,141.0,1037
22.73377,70.69444,545.0,192.0,1038
22.73377,70.77406,485.0,175.0,1039
22.73377,70.85369,301.0,154.0,1040
22.73377,70.93331,196.0,133.0,1041
22.73377,71.01294,214.0,136.0,1042
22.73377,71.09256,192.0,133.0,1043
22.73377,71.17219,216.0,119.0,1044
22.73377,71.25181,213.0,137.0,1045
22.73377,71.33144,186.0,152.0,1046
22.73377,71.41106,174.0,150.0,1047
22.73377,71.49069,193.0,138.0,1048
22.73377,71.57031,253.0,172.0,1049
22.73377,71.64994,225.0,177.0,1050
22.73377,71.72956,301.0,162.0,1051
22.73377,71.80919,187.0,168.0,1052
22.73377,71.88882,249.0,168.0,1053
22.73377,71.96844,202.0,152.0,1054
22.73377,72.04807,40.0,31.6,1055
22.73377,72.12769,113.0,117.0,1056
22.73377,72.20732,155.0,174.0,1057
22.73377,72.28694,153.0,182.0,1058
22.73377,72.36657,224.0,238.0,1059
22.73377,72.44619,214.0,244.0,1060
22.73377,72.52582,148.0,212.0,1061
22.73377,72.60544,153.0,214.0,1062
22.73377,72.68507,147.0,193.0,1063
22.73377,72.76469,157.0,264.0,1064
22.73377,72.84432,154.0,272.0,1065
22.73377,72.92394,152.0,258.0,1066
22.73377,73.00357,147.0,265.0,1067
22.73377,73.08319,169.0,279.0,1068
22.73377,73.16282,167.0,226.0,1069
22.73377,73.24244,162.0,188.0,1070
22.73377,73.32207,183.0,260.0,1071
22.73377,73.40169,127.0,126.0,1072
22.73377,73.48132,106.0,109.0,1073
22.73377,73.56094,79.5,78.0,1074
22.73377,73.64057,68.2,52.1,1075
22.73377,73.72019,50.9,58.6,1076
22.73377,73.79982,65.8,78.2,1077
22.73377,73.87944,27.9,26.6,1078
22.73377,73.95907,19.9,18.1,1079
22.73377,74.03869,21.7,21.6,1080
22.73377,74.11832,18.1,15.5,1081
22.73377,74.19794,14.0,16.7,1082
22.73377,74.27757,11.5,10.8,1083
22.73377,74.35719,8.56,5.99,1084
22.73377,74.43682,4.39,1.89,1085
22.65317,70.21669,284.0,91.8,1086
22.65317,70.29631,218.0,91.8,1087
22.65317,70.37594,232.0,113.0,1088
22.65317,70.45556,260.0,102.0,1089
22.65317,70.53519,485.0,162.0,1090
22.65317,70.61481,530.0,155.0,1091
22.65317,70.69444,529.0,165.0,1092
22.65317,70.77406,497.0,179.0,1093
22.65317,70.85369,346.0,163.0,1094
22.65317,70.93331,227.0,140.0,1095
22.65317,71.01294,207.0,161.0,1096
22.65317,71.09256,200.0,139.0,1097
22.65317,71.17219,233.0,141.0,1098
22.65317,71.25181,201.0,155.0,1099
22.65317,71.33144,209.0,158.0,1100
22.65317,71.41106,178.0,158.0,1101
22.65317,71.49069,171.0,140.0,1102
22.65317,71.57031,281.0,182.0,1103
22.65317,71.64994,272.0,180.0,1104
22.65317,71.72956,241.0,162.0,1105
22.65317,71.80919,178.0,176.0,1106
22.65317,71.88882,251.0,169.0,1107
22.65317,71.96844,244.0,183.0,1108
22.65317,72.04807,61.4,49.8,1109
22.65317,72.12769,84.8,98.1,1110
22.65317,72.20732,163.0,191.0,1111
22.65317,72.28694,178.0,223.0,1112
22.65317,72.36657,226.0,250.0,1113
22.65317,72.44619,226.0,258.0,1114
22.65317,72.52582,175.0,222.0,1115
22.65317,72.60544,174.0,214.0,1116
22.65317,72.68507,175.0,220.0,1117
22.65317,72.76469,227.0,239.0,1118
22.65317,72.84432,206.0,218.0,1119
22.65317,72.92394,170.0,230.0,1120
22.65317,73.00357,249.0,323.0,1121
22.65317,73.08319,249.0,305.0,1122
22.65317,73.16282,217.0,268.0,1123
22.65317,73.24244,228.0,219.0,1124
22.65317,73.32207,229.0,248.0,1125
22.65317,73.40169,133.0,122.0,1126
22.65317,73.48132,110.0,113.0,1127
22.65317,73.56094,87.2,86.5,1128
22.65317,73.64057,74.9,65.4,1129
22.65317,73.72019,63.0,78.6,1130
22.65317,73.79982,70.0,83.2,1131
22.65317,73.87944,28.9,27.1,1132
22.65317,73.95907,22.4,22.2,1133
22.65317,74.03869,24.4,25.4,1134
22.65317,74.11832,13.2,15.5,1135
22.65317,74.19794,9.71,10.6,1136
22.65317,74.27757,6.71,6.72,1137
22.65317,74.35719,2.87,2.14,1138
22.65317,74.43682,1.93,0.5,1139
22.57257,70.13706,242.0,90.8,1140
22.57257,70.21669,265.0,90.3,1141
22.57257,70.29631,204.0,100.0,1142
22.57257,70.37594,246.0,117.0,1143
22.57257,70.45556,232.0,120.0,1144
22.57257,70.53519,464.0,170.0,1145
22.57257,70.61481,593.0,157.0,1146
22.57257,70.69444,583.0,172.0,1147
22.57257,70.77406,494.0,182.0,1148
22.57257,70.85369,341.0,166.0,1149
22.57257,70.93331,240.0,140.0,1150
22.57257,71.01294,243.0,167.0,1151
22.57257,71.09256,221.0,155.0,1152
22.57257,71.17219,230.0,140.0,1153
22.57257,71.25181,224.0,169.0,1154
22.57257,71.33144,210.0,176.0,1155
22.57257,71.41106,175.0,155.0,1156
22.57257,71.49069,174.0,138.0,1157
22.57257,71.57031,283.0,182.0,1158
22.57257,71.64994,278.0,188.0,1159
22.57257,71.72956,251.0,172.0,1160
22.57257,71.80919,200.0,179.0,1161
22.57257,71.88882,168.0,141.0,1162
22.57257,71.96844,174.0,155.0,1163
22.57257,72.04807,62.5,55.3,1164
22.57257,72.12769,93.9,104.0,1165
22.57257,72.20732,154.0,182.0,1166
22.57257,72.28694,196.0,221.0,1167
22.57257,72.36657,218.0,235.0,1168
22.57257,72.44619,228.0,245.0,1169
22.57257,72.52582,213.0,221.0,1170
22.57257,72.60544,191.0,229.0,1171
22.57257,72.68507,244.0,298.0,1172
22.57257,72.76469,289.0,293.0,1173
22.57257,72.84432,237.0,257.0,1174
22.57257,72.92394,174.0,239.0,1175
22.57257,73.00357,315.0,342.0,1176
22.57257,73.08319,258.0,318.0,1177
22.57257,73.16282,262.0,274.0,1178
22.57257,73.24244,290.0,328.0,1179
22.57257,73.32207,271.0,284.0,1180
22.57257,73.40169,133.0,125.0,1181
22.57257,73.48132,78.5,92.8,1182
22.57257,73.56094,103.0,98.7,1183
22.57257,73.64057,90.4,98.4,1184
22.57257,73.72019,122.0,130.0,1185
22.57257,73.79982,138.0,143.0,1186
22.57257,73.87944,25.9,26.3,1187
22.57257,73.95907,21.0,21.5,1188
22.57257,74.03869,22.3,24.5,1189
22.57257,74.11832,5.52,6.94,1190
22.57257,74.19794,5.1,5.21,1191
22.57257,74.27757,1.46,0.862,1192
22.49197,69.89819,1.69,7.16,1193
22.49197,69.97781,13.5,11.7,1194
22.49197,70.05744,52.3,49.7,1195
22.49197,70.13706,284.0,146.0,1196
22.49197,70.21669,343.0,169.0,1197
22.49197,70.29631,360.0,129.0,1198
22.49197,70.37594,359.0,132.0,1199
22.49197,70.45556,363.0,105.0,1200
22.49197,70.53519,399.0,226.0,1201
22.49197,70.61481,541.0,176.0,1202
22.49197,70.69444,538.0,137.0,1203
22.49197,70.77406,485.0,209.0,1204
22.49197,70.85369,346.0,187.0,1205
22.49197,70.93331,250.0,163.0,1206
22.49197,71.01294,202.0,153.0,1207
22.49197,71.09256,183.0,147.0,1208
22.49197,71.17219,214.0,143.0,1209
22.49197,71.25181,210.0,147.0,1210
22.49197,71.33144,248.0,167.0,1211
22.49197,71.41106,269.0,159.0,1212
22.49197,71.49069,282.0,159.0,1213
22.49197,71.57031,402.0,190.0,1214
22.49197,71.64994,398.0,191.0,1215
22.49197,71.72956,438.0,107.0,1216
22.49197,71.80919,332.0,196.0,1217
22.49197,71.88882,69.7,81.7,1218
22.49197,71.96844,69.0,79.9,1219
22.49197,72.04807,14.2,20.3,1220
22.49197,72.12769,48.6,67.4,1221
22.49197,72.20732,146.0,162.0,1222
22.49197,72.28694,148.0,212.0,1223
22.49197,72.36657,209.0,242.0,1224
22.49197,72.44619,207.0,268.0,1225
22.49197,72.52582,175.0,234.0,1226
22.49197,72.60544,193.0,221.0,1227
22.49197,72.68507,237.0,274.0,1228
22.49197,72.76469,270.0,313.0,1229
22.49197,72.84432,261.0,325.0,1230
22.49197,72.92394,270.0,322.0,1231
22.49197,73.00357,295.0,312.0,1232
22.49197,73.08319,248.0,265.0,1233
22.49197,73.16282,267.0,299.0,1234
22.49197,73.24244,257.0,284.0,1235
22.49197,73.32207,249.0,228.0,1236
22.49197,73.40169,153.0,137.0,1237
22.49197,73.48132,51.6,75.5,1238
22.49197,73.56094,87.7,76.3,1239
22.49197,73.64057,85.4,87.5,1240
22.49197,73.72019,218.0,210.0,1241
22.49197,73.79982,205.0,223.0,1242
22.49197,73.87944,30.8,26.5,1243
22.49197,73.95907,20.5,25.9,1244
22.49197,74.03869,24.0,24.0,1245
22.49197,74.11832,11.5,6.58,1246
22.41137,69.02231,7.81,24.8,1247
22.41137,69.10194,11.5,25.5,1248
22.41137,69.65931,2.08,13.7,1249
22.41137,69.73894,1.48,8.53,1250
22.41137,69.81856,1.49,9.32,1251
22.41137,69.89819,4.93,12.9,1252
22.41137,69.97781,82.2,57.9,1253
22.41137,70.05744,142.0,111.0,1254
22.41137,70.13706,283.0,139.0,1255
22.41137,70.21669,333.0,158.0,1256
22.41137,70.29631,332.0,131.0,1257
22.41137,70.37594,357.0,131.0,1258
22.41137,70.45556,363.0,124.0,1259
22.41137,70.53519,373.0,235.0,1260
22.41137,70.61481,432.0,177.0,1261
22.41137,70.69444,420.0,154.0,1262
22.41137,70.77406,409.0,210.0,1263
22.41137,70.85369,327.0,175.0,1264
22.41137,70.93331,261.0,167.0,1265
22.41137,71.01294,229.0,156.0,1266
22.41137,71.09256,222.0,161.0,1267
22.41137,71.17219,256.0,179.0,1268
22.41137,71.25181,269.0,175.0,1269
22.41137,71.33144,280.0,184.0,1270
22.41137,71.41106,296.0,182.0,1271
22.41137,71.49069,295.0,171.0,1272
22.41137,71.57031,402.0,196.0,1273
22.41137,71.64994,409.0,200.0,1274
22.41137,71.72956,401.0,145.0,1275
22.41137,71.80919,330.0,198.0,1276
22.41137,71.88882,65.0,74.3,1277
22.41137,71.96844,56.6,59.6,1278
22.41137,72.04807,10.6,2.94,1279
22.41137,72.12769,109.0,113.0,1280
22.41137,72.20732,134.0,155.0,1281
22.41137,72.28694,113.0,156.0,1282
22.41137,72.36657,100.0,158.0,1283
22.41137,72.44619,191.0,230.0,1284
22.41137,72.52582,192.0,242.0,1285
22.41137,72.60544,194.0,242.0,1286
22.41137,72.68507,283.0,313.0,1287
22.41137,72.76469,310.0,339.0,1288
22.41137,72.84432,296.0,333.0,1289
22.41137,72.92394,291.0,325.0,1290
22.41137,73.00357,311.0,340.0,1291
22.41137,73.08319,221.0,207.0,1292
22.41137,73.16282,125.0,146.0,1293
22.41137,73.24244,73.8,43.0,1294
22.41137,73.32207,91.3,97.2,1295
22.41137,73.40169,101.0,111.0,1296
22.41137,73.48132,49.5,58.3,1297
22.41137,73.56094,22.3,40.6,1298
22.41137,73.64057,15.3,37.0,1299
22.41137,73.72019,128.0,147.0,1300
22.41137,73.79982,438.0,437.0,1301
22.41137,73.87944,252.0,286.0,1302
22.41137,73.95907,134.0,174.0,1303
22.41137,74.03869,47.1,47.4,1304
22.41137,74.11832,42.7,36.7,1305
22.41137,74.19794,5.82,4.14,1306
22.33077,69.02231,12.2,33.9,1307
22.33077,69.10194,12.2,33.1,1308
22.33077,69.18156,5.72,34.1,1309
22.33077,69.26119,5.83,36.1,1310
22.33077,69.34081,4.85,33.1,1311
22.33077,69.42044,8.08,28.4,1312
22.33077,69.50006,6.83,22.6,1313
22.33077,69.57969,6.32,20.9,1314
22.33077,69.65931,2.07,17.4,1315
22.33077,69.73894,1.82,9.38,1316
22.33077,69.81856,2.06,11.4,1317
22.33077,69.89819,17.6,22.8,1318
22.33077,69.97781,106.0,81.1,1319
22.33077,70.05744,183.0,172.0,1320
22.33077,70.13706,271.0,121.0,1321
22.33077,70.21669,338.0,134.0,1322
22.33077,70.29631,323.0,122.0,1323
22.33077,70.37594,356.0,139.0,1324
22.33077,70.45556,361.0,139.0,1325
22.33077,70.53519,398.0,192.0,1326
22.33077,70.61481,430.0,148.0,1327
22.33077,70.69444,375.0,155.0,1328
22.33077,70.77406,304.0,162.0,1329
22.33077,70.85369,270.0,166.0,1330
22.33077,70.93331,306.0,166.0,1331
22.33077,71.01294,239.0,171.0,1332
22.33077,71.09256,209.0,162.0,1333
22.33077,71.17219,259.0,164.0,1334
22.33077,71.25181,274.0,184.0,1335
22.33077,71.33144,280.0,185.0,1336
22.33077,71.41106,292.0,168.0,1337
22.33077,71.49069,287.0,174.0,1338
22.33077,71.57031,404.0,168.0,1339
22.33077,71.64994,451.0,205.0,1340
22.33077,71.72956,408.0,144.0,1341
22.33077,71.80919,356.0,177.0,1342
22.33077,71.88882,243.0,209.0,1343
22.33077,71.96844,174.0,125.0,1344
22.33077,72.04807,58.0,62.3,1345
22.33077,72.12769,226.0,233.0,1346
22.33077,72.20732,92.2,79.3,1347
22.33077,72.28694,54.3,33.0,1348
22.33077,72.36657,38.5,30.8,1349
22.33077,72.44619,60.5,74.1,1350
22.33077,72.52582,68.4,69.0,1351
22.33077,72.60544,93.5,119.0,1352
22.33077,72.68507,277.0,307.0,1353
22.33077,72.76469,326.0,340.0,1354
22.33077,72.84432,314.0,338.0,1355
22.33077,72.92394,279.0,321.0,1356
22.33077,73.00357,357.0,362.0,1357
22.33077,73.08319,251.0,254.0,1358
22.33077,73.16282,115.0,115.0,1359
22.33077,73.24244,65.8,39.5,1360
22.33077,73.32207,125.0,107.0,1361
22.33077,73.40169,94.6,112.0,1362
22.33077,73.48132,64.6,65.2,1363
22.33077,73.56094,75.6,95.6,1364
22.33077,73.64057,51.2,78.2,1365
22.33077,73.72019,138.0,157.0,1366
22.33077,73.79982,443.0,409.0,1367
22.33077,73.87944,250.0,278.0,1368
22.33077,73.95907,164.0,209.0,1369
22.33077,74.03869,29.4,35.6,1370
22.33077,74.11832,16.5,17.4,1371
22.33077,74.19794,6.11,3.62,1372
22.25017,69.02231,19.0,10.9,1373
22.25017,69.10194,10.8,9.46,1374
22.25017,69.18156,14.4,9.47,1375
22.25017,69.26119,46.0,18.4,1376
22.25017,69.34081,89.8,39.8,1377
22.25017,69.42044,112.0,64.7,1378
22.25017,69.50006,81.8,55.9,1379
22.25017,69.57969,53.9,51.5,1380
22.25017,69.65931,45.3,37.2,1381
22.25017,69.73894,54.1,35.2,1382
22.25017,69.81856,48.4,32.3,1383
22.25017,69.89819,141.0,79.0,1384
22.25017,69.97781,150.0,68.3,1385
22.25017,70.05744,158.0,87.7,1386
22.25017,70.13706,227.0,137.0,1387
22.25017,70.21669,269.0,135.0,1388
22.25017,70.29631,280.0,115.0,1389
22.25017,70.37594,313.0,151.0,1390
22.25017,70.45556,313.0,143.0,1391
22.25017,70.53519,368.0,157.0,1392
22.25017,70.61481,349.0,161.0,1393
22.25017,70.69444,298.0,140.0,1394
22.25017,70.77406,301.0,160.0,1395
22.25017,70.85369,259.0,176.0,1396
22.25017,70.93331,302.0,135.0,1397
22.25017,71.01294,276.0,171.0,1398
22.25017,71.09256,239.0,170.0,1399
22.25017,71.17219,278.0,147.0,1400
22.25017,71.25181,281.0,172.0,1401
22.25017,71.33144,280.0,163.0,1402
22.25017,71.41106,303.0,144.0,1403
22.25017,71.49069,325.0,176.0,1404
22.25017,71.57031,374.0,172.0,1405
22.25017,71.64994,392.0,206.0,1406
22.25017,71.72956,430.0,123.0,1407
22.25017,71.80919,332.0,180.0,1408
22.25017,71.88882,334.0,269.0,1409
22.25017,71.96844,262.0,220.0,1410
22.25017,72.04807,151.0,165.0,1411
22.25017,72.12769,215.0,212.0,1412
22.25017,72.20732,79.3,63.1,1413
22.25017,72.28694,16.9,11.4,1414
22.25017,72.36657,14.0,6.19,1415
22.25017,72.44619,18.3,11.6,1416
22.25017,72.52582,10.4,9.32,1417
22.25017,72.60544,62.3,79.1,1418
22.25017,72.68507,113.0,82.3,1419
22.25017,72.76469,200.0,195.0,1420
22.25017,72.84432,224.0,222.0,1421
22.25017,72.92394,224.0,213.0,1422
22.25017,73.00357,286.0,295.0,1423
22.25017,73.08319,283.0,287.0,1424
22.25017,73.16282,199.0,207.0,1425
22.25017,73.24244,181.0,141.0,1426
22.25017,73.32207,249.0,245.0,1427
22.25017,73.40169,261.0,292.0,1428
22.25017,73.48132,214.0,258.0,1429
22.25017,73.56094,276.0,300.0,1430
22.25017,73.64057,296.0,323.0,1431
22.25017,73.72019,299.0,320.0,1432
22.25017,73.79982,296.0,321.0,1433
22.25017,73.87944,281.0,285.0,1434
22.25017,73.95907,182.0,209.0,1435
22.25017,74.03869,59.4,60.3,1436
22.25017,74.11832,29.1,31.5,1437
22.16957,69.18156,7.41,10.5,1438
22.16957,69.26119,68.6,17.1,1439
22.16957,69.34081,193.0,50.4,1440
22.16957,69.42044,197.0,55.1,1441
22.16957,69.50006,176.0,58.4,1442
22.16957,69.57969,189.0,55.3,1443
22.16957,69.65931,127.0,43.1,1444
22.16957,69.73894,72.9,37.3,1445
22.16957,69.81856,68.4,31.0,1446
22.16957,69.89819,110.0,54.8,1447
22.16957,69.97781,116.0,72.0,1448
22.16957,70.05744,148.0,70.6,1449
22.16957,70.13706,207.0,163.0,1450
22.16957,70.21669,241.0,169.0,1451
22.16957,70.29631,239.0,141.0,1452
22.16957,70.37594,286.0,138.0,1453
22.16957,70.45556,290.0,133.0,1454
22.16957,70.53519,325.0,228.0,1455
22.16957,70.61481,328.0,182.0,1456
22.16957,70.69444,321.0,173.0,1457
22.16957,70.77406,302.0,160.0,1458
22.16957,70.85369,292.0,151.0,1459
22.16957,70.93331,307.0,151.0,1460
22.16957,71.01294,339.0,134.0,1461
22.16957,71.09256,276.0,148.0,1462
22.16957,71.17219,289.0,146.0,1463
22.16957,71.25181,286.0,132.0,1464
22.16957,71.33144,274.0,140.0,1465
22.16957,71.41106,292.0,139.0,1466
22.16957,71.49069,285.0,157.0,1467
22.16957,71.57031,346.0,199.0,1468
22.16957,71.64994,366.0,197.0,1469
22.16957,71.72956,367.0,157.0,1470
22.16957,71.80919,330.0,204.0,1471
22.16957,71.88882,326.0,268.0,1472
22.16957,71.96844,299.0,261.0,1473
22.16957,72.04807,423.0,414.0,1474
22.16957,72.12769,259.0,229.0,1475
22.16957,72.20732,76.8,66.6,1476
22.16957,72.52582,17.6,31.1,1477
22.16957,72.60544,114.0,138.0,1478
22.16957,72.68507,144.0,129.0,1479
22.16957,72.76469,172.0,195.0,1480
22.16957,72.84432,224.0,225.0,1481
22.16957,72.92394,325.0,255.0,1482
22.16957,73.00357,335.0,260.0,1483
22.16957,73.08319,325.0,260.0,1484
22.16957,73.16282,311.0,236.0,1485
22.16957,73.24244,317.0,233.0,1486
22.16957,73.32207,327.0,251.0,1487
22.16957,73.40169,272.0,306.0,1488
22.16957,73.48132,254.0,286.0,1489
22.16957,73.56094,302.0,311.0,1490
22.16957,73.64057,314.0,330.0,1491
22.16957,73.72019,324.0,330.0,1492
22.16957,73.79982,306.0,333.0,1493
22.16957,73.87944,281.0,312.0,1494
22.16957,73.95907,188.0,240.0,1495
22.16957,74.03869,174.0,163.0,1496
22.16957,74.11832,83.5,77.9,1497
22.16957,74.19794,9.73,3.76,1498
22.08897,69.18156,4.4,6.2,1499
22.08897,69.26119,69.5,18.0,1500
22.08897,69.34081,201.0,52.4,1501
22.08897,69.42044,212.0,52.3,1502
22.08897,69.50006,176.0,59.7,1503
22.08897,69.57969,202.0,56.7,1504
22.08897,69.65931,137.0,47.4,1505
22.08897,69.73894,89.6,39.9,1506
22.08897,69.81856,86.7,36.7,1507
22.08897,69.89819,127.0,49.7,1508
22.08897,69.97781,112.0,44.2,1509
22.08897,70.05744,133.0,99.3,1510
22.08897,70.13706,215.0,149.0,1511
22.08897,70.21669,281.0,114.0,1512
22.08897,70.29631,287.0,116.0,1513
22.08897,70.37594,336.0,136.0,1514
22.08897,70.45556,341.0,134.0,1515
22.08897,70.53519,379.0,199.0,1516
22.08897,70.61481,421.0,165.0,1517
22.08897,70.69444,437.0,159.0,1518
22.08897,70.77406,364.0,163.0,1519
22.08897,70.85369,387.0,159.0,1520
22.08897,70.93331,361.0,160.0,1521
22.08897,71.01294,349.0,156.0,1522
22.08897,71.09256,309.0,155.0,1523
22.08897,71.17219,309.0,141.0,1524
22.08897,71.25181,289.0,149.0,1525
22.08897,71.33144,286.0,144.0,1526
22.08897,71.41106,269.0,142.0,1527
22.08897,71.49069,287.0,148.0,1528
22.08897,71.57031,333.0,178.0,1529
22.08897,71.64994,371.0,198.0,1530
22.08897,71.72956,357.0,190.0,1531
22.08897,71.80919,315.0,191.0,1532
22.08897,71.88882,273.0,220.0,1533
22.08897,71.96844,235.0,169.0,1534
22.08897,72.04807,226.0,172.0,1535
22.08897,72.12769,176.0,128.0,1536
22.08897,72.20732,27.1,28.6,1537
22.08897,72.52582,23.5,21.6,1538
22.08897,72.60544,79.5,97.2,1539
22.08897,72.68507,124.0,132.0,1540
22.08897,72.76469,256.0,237.0,1541
22.08897,72.84432,275.0,254.0,1542
22.08897,72.92394,327.0,258.0,1543
22.08897,73.00357,331.0,250.0,1544
22.08897,73.08319,323.0,265.0,1545
22.08897,73.16282,331.0,263.0,1546
22.08897,73.24244,344.0,259.0,1547
22.08897,73.32207,337.0,277.0,1548
22.08897,73.40169,336.0,333.0,1549
22.08897,73.48132,209.0,243.0,1550
22.08897,73.56094,178.0,271.0,1551
22.08897,73.64057,178.0,266.0,1552
22.08897,73.72019,212.0,260.0,1553
22.08897,73.79982,191.0,277.0,1554
22.08897,73.87944,179.0,195.0,1555
22.08897,73.95907,116.0,153.0,1556
22.08897,74.03869,75.6,78.3,1557
22.08897,74.11832,24.4,27.7,1558
22.08897,74.19794,11.3,8.62,1559
22.00837,69.18156,8.74,6.57,1560
22.00837,69.26119,72.6,20.9,1561
22.00837,69.34081,176.0,54.9,1562
22.00837,69.42044,163.0,55.2,1563
22.00837,69.50006,205.0,71.4,1564
22.00837,69.57969,168.0,61.8,1565
22.00837,69.65931,147.0,51.2,1566
22.00837,69.73894,143.0,49.2,1567
22.00837,69.81856,136.0,37.5,1568
22.00837,69.89819,308.0,93.7,1569
22.00837,69.97781,207.0,110.0,1570
22.00837,70.05744,201.0,114.0,1571
22.00837,70.13706,225.0,129.0,1572
22.00837,70.21669,274.0,100.0,1573
22.00837,70.29631,262.0,108.0,1574
22.00837,70.37594,330.0,141.0,1575
22.00837,70.45556,336.0,142.0,1576
22.00837,70.53519,361.0,179.0,1577
22.00837,70.61481,429.0,174.0,1578
22.00837,70.69444,417.0,195.0,1579
22.00837,70.77406,382.0,192.0,1580
22.00837,70.85369,482.0,180.0,1581
22.00837,70.93331,440.0,157.0,1582
22.00837,71.01294,436.0,178.0,1583
22.00837,71.09256,378.0,183.0,1584
22.00837,71.17219,370.0,152.0,1585
22.00837,71.25181,373.0,178.0,1586
22.00837,71.33144,312.0,164.0,1587
22.00837,71.41106,275.0,150.0,1588
22.00837,71.49069,273.0,164.0,1589
22.00837,71.57031,386.0,199.0,1590
22.00837,71.64994,372.0,202.0,1591
22.00837,71.72956,327.0,170.0,1592
22.00837,71.80919,359.0,194.0,1593
22.00837,71.88882,367.0,248.0,1594
22.00837,71.96844,234.0,154.0,1595
22.00837,72.04807,22.5,20.1,1596
22.00837,72.12769,41.4,28.4,1597
22.00837,72.20732,10.9,19.5,1598
22.00837,72.60544,19.5,32.0,1599
22.00837,72.68507,168.0,142.0,1600
22.00837,72.76469,212.0,206.0,1601
22.00837,72.84432,268.0,241.0,1602
22.00837,72.92394,330.0,252.0,1603
22.00837,73.00357,318.0,243.0,1604
22.00837,73.08319,332.0,268.0,1605
22.00837,73.16282,333.0,262.0,1606
22.00837,73.24244,432.0,364.0,1607
22.00837,73.32207,315.0,282.0,1608
22.00837,73.40169,292.0,279.0,1609
22.00837,73.48132,154.0,163.0,1610
22.00837,73.56094,150.0,203.0,1611
22.00837,73.64057,143.0,231.0,1612
22.00837,73.72019,157.0,185.0,1613
22.00837,73.79982,171.0,212.0,1614
22.00837,73.87944,65.1,57.9,1615
22.00837,73.95907,23.4,7.56,1616
22.00837,74.03869,10.0,4.79,1617
22.00837,74.11832,13.0,8.62,1618
22.00837,74.19794,6.94,1.74,1619
21.92777,69.26119,24.0,16.9,1620
21.92777,69.34081,140.0,60.4,1621
21.92777,69.42044,141.0,69.3,1622
21.92777,69.50006,182.0,75.9,1623
21.92777,69.57969,174.0,75.6,1624
21.92777,69.65931,148.0,67.4,1625
21.92777,69.73894,160.0,63.7,1626
21.92777,69.81856,208.0,55.5,1627
21.92777,69.89819,392.0,132.0,1628
21.92777,69.97781,399.0,169.0,1629
21.92777,70.05744,336.0,151.0,1630
21.92777,70.13706,326.0,116.0,1631
21.92777,70.21669,335.0,151.0,1632
21.92777,70.29631,347.0,141.0,1633
21.92777,70.37594,381.0,130.0,1634
21.92777,70.45556,404.0,138.0,1635
21.92777,70.53519,408.0,177.0,1636
21.92777,70.61481,471.0,179.0,1637
21.92777,70.69444,459.0,198.0,1638
21.92777,70.77406,436.0,179.0,1639
21.92777,70.85369,559.0,177.0,1640
21.92777,70.93331,561.0,180.0,1641
21.92777,71.01294,533.0,166.0,1642
21.92777,71.09256,534.0,180.0,1643
21.92777,71.17219,501.0,166.0,1644
21.92777,71.25181,456.0,165.0,1645
21.92777,71.33144,373.0,171.0,1646
21.92777,71.41106,325.0,159.0,1647
21.92777,71.49069,310.0,185.0,1648
21.92777,71.57031,446.0,203.0,1649
21.92777,71.64994,445.0,206.0,1650
21.92777,71.72956,430.0,218.0,1651
21.92777,71.80919,415.0,218.0,1652
21.92777,71.88882,370.0,261.0,1653
21.92777,71.96844,247.0,174.0,1654
21.92777,72.04807,70.3,32.8,1655
21.92777,72.12769,82.8,51.9,1656
21.92777,72.20732,15.0,20.5,1657
21.92777,72.60544,19.8,28.2,1658
21.92777,72.68507,132.0,94.5,1659
21.92777,72.76469,251.0,250.0,1660
21.92777,72.84432,265.0,267.0,1661
21.92777,72.92394,335.0,255.0,1662
21.92777,73.00357,354.0,266.0,1663
21.92777,73.08319,311.0,260.0,1664
21.92777,73.16282,345.0,261.0,1665
21.92777,73.24244,332.0,267.0,1666
21.92777,73.32207,285.0,275.0,1667
21.92777,73.40169,259.0,241.0,1668
21.92777,73.48132,205.0,183.0,1669
21.92777,73.56094,172.0,185.0,1670
21.92777,73.64057,113.0,182.0,1671
21.92777,73.72019,121.0,176.0,1672
21.92777,73.79982,74.9,131.0,1673
21.92777,73.87944,21.2,16.3,1674
21.84717,69.26119,15.5,8.88,1675
21.84717,69.34081,40.0,34.8,1676
21.84717,69.42044,53.4,52.7,1677
21.84717,69.50006,125.0,61.2,1678
21.84717,69.57969,130.0,61.3,1679
21.84717,69.65931,107.0,59.5,1680
21.84717,69.73894,87.3,47.1,1681
21.84717,69.81856,107.0,52.3,1682
21.84717,69.89819,304.0,114.0,1683
21.84717,69.97781,225.0,85.6,1684
21.84717,70.05744,227.0,104.0,1685
21.84717,70.13706,319.0,136.0,1686
21.84717,70.21669,388.0,156.0,1687
21.84717,70.29631,399.0,148.0,1688
21.84717,70.37594,388.0,134.0,1689
21.84717,70.45556,389.0,140.0,1690
21.84717,70.53519,402.0,188.0,1691
21.84717,70.61481,493.0,208.0,1692
21.84717,70.69444,474.0,240.0,1693
21.84717,70.77406,472.0,223.0,1694
21.84717,70.85369,594.0,207.0,1695
21.84717,70.93331,573.0,217.0,1696
21.84717,71.01294,625.0,235.0,1697
21.84717,71.09256,560.0,225.0,1698
21.84717,71.17219,538.0,232.0,1699
21.84717,71.25181,528.0,230.0,1700
21.84717,71.33144,418.0,213.0,1701
21.84717,71.41106,342.0,201.0,1702
21.84717,71.49069,324.0,221.0,1703
21.84717,71.57031,487.0,244.0,1704
21.84717,71.64994,465.0,244.0,1705
21.84717,71.72956,438.0,246.0,1706
21.84717,71.80919,470.0,271.0,1707
21.84717,71.88882,332.0,230.0,1708
21.84717,71.96844,185.0,130.0,1709
21.84717,72.04807,98.5,58.7,1710
21.84717,72.12769,97.8,73.7,1711
21.84717,72.20732,33.1,28.8,1712
21.84717,72.60544,42.9,52.2,1713
21.84717,72.68507,220.0,195.0,1714
21.84717,72.76469,243.0,247.0,1715
21.84717,72.84432,267.0,265.0,1716
21.84717,72.92394,321.0,242.0,1717
21.84717,73.00357,315.0,260.0,1718
21.84717,73.08319,318.0,248.0,1719
21.84717,73.16282,301.0,237.0,1720
21.84717,73.24244,277.0,236.0,1721
21.84717,73.32207,274.0,240.0,1722
21.84717,73.40169,92.6,141.0,1723
21.84717,73.48132,74.9,107.0,1724
21.84717,73.56094,99.7,141.0,1725
21.84717,73.64057,36.0,42.5,1726
21.84717,73.72019,14.6,29.3,1727
21.84717,73.79982,13.9,10.4,1728
21.84717,73.87944,9.29,0.536,1729
21.76657,69.34081,10.1,21.5,1730
21.76657,69.42044,19.0,28.3,1731
21.76657,69.50006,50.1,62.8,1732
21.76657,69.57969,116.0,57.6,1733
21.76657,69.65931,88.3,55.2,1734
21.76657,69.73894,26.8,26.0,1735
21.76657,69.81856,80.6,43.5,1736
21.76657,69.89819,184.0,85.5,1737
21.76657,69.97781,126.0,63.2,1738
21.76657,70.05744,133.0,80.8,1739
21.76657,70.13706,339.0,157.0,1740
21.76657,70.21669,392.0,170.0,1741
21.76657,70.29631,402.0,159.0,1742
21.76657,70.37594,372.0,139.0,1743
21.76657,70.45556,389.0,168.0,1744
21.76657,70.53519,385.0,211.0,1745
21.76657,70.61481,495.0,227.0,1746
21.76657,70.69444,483.0,242.0,1747
21.76657,70.77406,464.0,275.0,1748
21.76657,70.85369,635.0,272.0,1749
21.76657,70.93331,607.0,251.0,1750
21.76657,71.01294,774.0,311.0,1751
21.76657,71.09256,573.0,266.0,1752
21.76657,71.17219,514.0,263.0,1753
21.76657,71.25181,510.0,305.0,1754
21.76657,71.33144,455.0,311.0,1755
21.76657,71.41106,401.0,266.0,1756
21.76657,71.49069,314.0,234.0,1757
21.76657,71.57031,491.0,301.0,1758
21.76657,71.64994,488.0,274.0,1759
21.76657,71.72956,449.0,242.0,1760
21.76657,71.80919,493.0,318.0,1761
21.76657,71.88882,318.0,231.0,1762
21.76657,71.96844,190.0,129.0,1763
21.76657,72.04807,140.0,76.6,1764
21.76657,72.12769,95.8,63.2,1765
21.76657,72.20732,36.7,33.5,1766
21.76657,72.28694,20.8,11.0,1767
21.76657,72.60544,71.7,69.7,1768
21.76657,72.68507,218.0,225.0,1769
21.76657,72.76469,245.0,175.0,1770
21.76657,72.84432,300.0,185.0,1771
21.76657,72.92394,304.0,179.0,1772
21.76657,73.00357,220.0,177.0,1773
21.76657,73.08319,197.0,175.0,1774
21.76657,73.16282,177.0,130.0,1775
21.76657,73.24244,202.0,154.0,1776
21.76657,73.32207,129.0,150.0,1777
21.76657,73.40169,20.6,18.0,1778
21.76657,73.48132,34.9,31.2,1779
21.76657,73.56094,5.73,11.8,1780
21.76657,73.64057,2.99,13.0,1781
21.76657,73.72019,15.7,12.1,1782
21.76657,73.79982,8.02,9.01,1783
21.76657,73.87944,8.14,0.617,1784
21.68597,69.42044,12.2,20.7,1785
21.68597,69.50006,65.2,49.4,1786
21.68597,69.57969,106.0,59.2,1787
21.68597,69.65931,79.3,48.4,1788
21.68597,69.73894,69.3,44.1,1789
21.68597,69.81856,74.6,42.5,1790
21.68597,69.89819,85.2,67.5,1791
21.68597,69.97781,75.4,62.7,1792
21.68597,70.05744,149.0,78.3,1793
21.68597,70.13706,323.0,147.0,1794
21.68597,70.21669,345.0,145.0,1795
21.68597,70.29631,364.0,165.0,1796
21.68597,70.37594,410.0,149.0,1797
21.68597,70.45556,440.0,166.0,1798
21.68597,70.53519,401.0,183.0,1799
21.68597,70.61481,498.0,233.0,1800
21.68597,70.69444,501.0,285.0,1801
21.68597,70.77406,472.0,250.0,1802
21.68597,70.85369,637.0,297.0,1803
21.68597,70.93331,714.0,298.0,1804
21.68597,71.01294,699.0,287.0,1805
21.68597,71.09256,575.0,266.0,1806
21.68597,71.17219,562.0,299.0,1807
21.68597,71.25181,472.0,304.0,1808
21.68597,71.33144,544.0,322.0,1809
21.68597,71.41106,488.0,317.0,1810
21.68597,71.49069,495.0,315.0,1811
21.68597,71.57031,432.0,314.0,1812
21.68597,71.64994,478.0,319.0,1813
21.68597,71.72956,510.0,307.0,1814
21.68597,71.80919,474.0,307.0,1815
21.68597,71.88882,141.0,108.0,1816
21.68597,71.96844,114.0,84.1,1817
21.68597,72.04807,188.0,143.0,1818
21.68597,72.12769,204.0,197.0,1819
21.68597,72.20732,184.0,205.0,1820
21.68597,72.28694,96.0,69.9,1821
21.68597,72.36657,41.3,19.0,1822
21.68597,72.60544,30.3,28.4,1823
21.68597,72.68507,132.0,58.5,1824
21.68597,72.76469,161.0,143.0,1825
21.68597,72.84432,237.0,179.0,1826
21.68597,72.92394,248.0,198.0,1827
21.68597,73.00357,172.0,140.0,1828
21.68597,73.08319,150.0,156.0,1829
21.68597,73.16282,174.0,179.0,1830
21.68597,73.24244,179.0,187.0,1831
21.68597,73.32207,121.0,132.0,1832
21.68597,73.40169,40.9,84.1,1833
21.68597,73.48132,44.0,89.7,1834
21.68597,73.56094,46.3,47.3,1835
21.68597,73.64057,40.3,77.2,1836
21.68597,73.72019,28.8,89.9,1837
21.68597,73.79982,24.0,25.8,1838
21.68597,73.87944,8.57,14.2,1839
21.60537,69.57969,9.16,20.8,1840
21.60537,69.65931,6.64,14.9,1841
21.60537,69.73894,11.3,19.2,1842
21.60537,69.81856,51.6,37.2,1843
21.60537,69.89819,102.0,68.6,1844
21.60537,69.97781,108.0,88.1,1845
21.60537,70.05744,187.0,95.7,1846
21.60537,70.13706,314.0,132.0,1847
21.60537,70.21669,326.0,136.0,1848
21.60537,70.29631,346.0,126.0,1849
21.60537,70.37594,342.0,118.0,1850
21.60537,70.45556,308.0,114.0,1851
21.60537,70.53519,231.0,192.0,1852
21.60537,70.61481,267.0,250.0,1853
21.60537,70.69444,293.0,277.0,1854
21.60537,70.77406,326.0,261.0,1855
21.60537,70.85369,526.0,289.0,1856
21.60537,70.93331,670.0,302.0,1857
21.60537,71.01294,697.0,275.0,1858
21.60537,71.09256,560.0,265.0,1859
21.60537,71.17219,540.0,311.0,1860
21.60537,71.25181,548.0,304.0,1861
21.60537,71.33144,490.0,337.0,1862
21.60537,71.41106,428.0,320.0,1863
21.60537,71.49069,420.0,319.0,1864
21.60537,71.57031,458.0,315.0,1865
21.60537,71.64994,448.0,326.0,1866
21.60537,71.72956,516.0,324.0,1867
21.60537,71.80919,485.0,339.0,1868
21.60537,71.88882,197.0,152.0,1869
21.60537,71.96844,184.0,118.0,1870
21.60537,72.04807,201.0,141.0,1871
21.60537,72.12769,193.0,165.0,1872
21.60537,72.20732,165.0,206.0,1873
21.60537,72.28694,130.0,81.0,1874
21.60537,72.36657,45.0,16.2,1875
21.60537,72.68507,110.0,32.6,1876
21.60537,72.76469,133.0,161.0,1877
21.60537,72.84432,245.0,180.0,1878
21.60537,72.92394,302.0,187.0,1879
21.60537,73.00357,170.0,152.0,1880
21.60537,73.08319,155.0,180.0,1881
21.60537,73.16282,171.0,169.0,1882
21.60537,73.24244,180.0,189.0,1883
21.60537,73.32207,160.0,170.0,1884
21.60537,73.40169,111.0,134.0,1885
21.60537,73.48132,110.0,166.0,1886
21.60537,73.56094,178.0,163.0,1887
21.60537,73.64057,149.0,180.0,1888
21.60537,73.72019,116.0,134.0,1889
21.60537,73.79982,52.0,30.8,1890
21.60537,73.87944,9.79,5.86,1891
21.60537,73.95907,10.4,4.94,1892
21.60537,74.03869,15.8,8.68,1893
21.60537,74.11832,25.6,13.4,1894
21.60537,74.19794,8.44,9.41,1895
21.60537,74.27757,4.74,3.9,1896
21.60537,74.35719,2.77,4.51,1897
21.52477,69.65931,3.87,15.3,1898
21.52477,69.73894,15.5,25.2,1899
21.52477,69.81856,37.7,36.8,1900
21.52477,69.89819,104.0,76.3,1901
21.52477,69.97781,127.0,91.0,1902
21.52477,70.05744,186.0,96.4,1903
21.52477,70.13706,279.0,130.0,1904
21.52477,70.21669,205.0,146.0,1905
21.52477,70.29631,226.0,155.0,1906
21.52477,70.37594,271.0,119.0,1907
21.52477,70.45556,245.0,111.0,1908
21.52477,70.53519,183.0,123.0,1909
21.52477,70.61481,218.0,258.0,1910
21.52477,70.69444,219.0,276.0,1911
21.52477,70.77406,312.0,207.0,1912
21.52477,70.85369,476.0,276.0,1913
21.52477,70.93331,680.0,298.0,1914
21.52477,71.01294,661.0,211.0,1915
21.52477,71.09256,535.0,267.0,1916
21.52477,71.17219,534.0,321.0,1917
21.52477,71.25181,543.0,290.0,1918
21.52477,71.33144,507.0,331.0,1919
21.52477,71.41106,414.0,304.0,1920
21.52477,71.49069,382.0,301.0,1921
21.52477,71.57031,440.0,295.0,1922
21.52477,71.64994,441.0,308.0,1923
21.52477,71.72956,464.0,302.0,1924
21.52477,71.80919,471.0,312.0,1925
21.52477,71.88882,205.0,152.0,1926
21.52477,71.96844,169.0,122.0,1927
21.52477,72.04807,200.0,124.0,1928
21.52477,72.12769,175.0,138.0,1929
21.52477,72.20732,118.0,140.0,1930
21.52477,72.28694,73.3,49.9,1931
21.52477,72.60544,27.2,17.8,1932
21.52477,72.68507,128.0,58.3,1933
21.52477,72.76469,208.0,135.0,1934
21.52477,72.84432,278.0,185.0,1935
21.52477,72.92394,309.0,201.0,1936
21.52477,73.00357,174.0,122.0,1937
21.52477,73.08319,161.0,175.0,1938
21.52477,73.16282,160.0,169.0,1939
21.52477,73.24244,176.0,192.0,1940
21.52477,73.32207,163.0,167.0,1941
21.52477,73.40169,105.0,117.0,1942
21.52477,73.48132,121.0,157.0,1943
21.52477,73.56094,189.0,178.0,1944
21.52477,73.64057,188.0,206.0,1945
21.52477,73.72019,152.0,164.0,1946
21.52477,73.79982,128.0,92.7,1947
21.52477,73.87944,54.8,52.3,1948
21.52477,73.95907,40.0,38.3,1949
21.52477,74.03869,64.6,47.9,1950
21.52477,74.11832,72.8,49.1,1951
21.52477,74.19794,66.7,44.2,1952
21.52477,74.27757,64.1,37.6,1953
21.52477,74.35719,19.9,15.9,1954
21.44416,69.65931,1.81,14.4,1955
21.44416,69.73894,6.52,19.5,1956
21.44416,69.81856,43.9,39.4,1957
21.44416,69.89819,97.6,71.9,1958
21.44416,69.97781,99.0,70.9,1959
21.44416,70.05744,189.0,97.1,1960
21.44416,70.13706,291.0,202.0,1961
21.44416,70.21669,274.0,201.0,1962
21.44416,70.29631,261.0,164.0,1963
21.44416,70.37594,253.0,139.0,1964
21.44416,70.45556,184.0,150.0,1965
21.44416,70.53519,110.0,185.0,1966
21.44416,70.61481,126.0,264.0,1967
21.44416,70.69444,121.0,282.0,1968
21.44416,70.77406,222.0,218.0,1969
21.44416,70.85369,497.0,228.0,1970
21.44416,70.93331,715.0,261.0,1971
21.44416,71.01294,686.0,268.0,1972
21.44416,71.09256,766.0,277.0,1973
21.44416,71.17219,742.0,262.0,1974
21.44416,71.25181,654.0,275.0,1975
21.44416,71.33144,600.0,275.0,1976
21.44416,71.41106,524.0,240.0,1977
21.44416,71.49069,551.0,238.0,1978
21.44416,71.57031,245.0,205.0,1979
21.44416,71.64994,288.0,218.0,1980
21.44416,71.72956,277.0,233.0,1981
21.44416,71.80919,383.0,204.0,1982
21.44416,71.88882,174.0,170.0,1983
21.44416,71.96844,190.0,161.0,1984
21.44416,72.04807,218.0,170.0,1985
21.44416,72.12769,196.0,151.0,1986
21.44416,72.20732,57.2,65.7,1987
21.44416,72.28694,15.3,15.0,1988
21.44416,72.60544,13.8,25.9,1989
21.44416,72.68507,122.0,82.6,1990
21.44416,72.76469,171.0,169.0,1991
21.44416,72.84432,235.0,194.0,1992
21.44416,72.92394,253.0,193.0,1993
21.44416,73.00357,205.0,143.0,1994
21.44416,73.08319,166.0,158.0,1995
21.44416,73.16282,167.0,176.0,1996
21.44416,73.24244,173.0,175.0,1997
21.44416,73.32207,164.0,154.0,1998
21.44416,73.40169,60.4,69.1,1999
21.44416,73.48132,69.0,96.7,2000
21.44416,73.56094,140.0,96.7,2001
21.44416,73.64057,131.0,101.0,2002
21.44416,73.72019,114.0,125.0,2003
21.44416,73.79982,114.0,86.6,2004
21.44416,73.87944,50.0,48.1,2005
21.44416,73.95907,40.8,34.6,2006
21.44416,74.03869,30.0,24.5,2007
21.44416,74.11832,27.3,25.5,2008
21.44416,74.19794,22.8,30.8,2009
21.44416,74.27757,20.8,18.0,2010
21.44416,74.35719,5.89,3.87,2011
21.36356,69.81856,32.0,22.5,2012
21.36356,69.89819,96.3,69.0,2013
21.36356,69.97781,94.1,76.6,2014
21.36356,70.05744,221.0,106.0,2015
21.36356,70.13706,317.0,191.0,2016
21.36356,70.21669,278.0,198.0,2017
21.36356,70.29631,267.0,173.0,2018
21.36356,70.37594,258.0,137.0,2019
21.36356,70.45556,187.0,130.0,2020
21.36356,70.53519,116.0,219.0,2021
21.36356,70.61481,121.0,260.0,2022
21.36356,70.69444,124.0,275.0,2023
21.36356,70.77406,232.0,220.0,2024
21.36356,70.85369,459.0,237.0,2025
21.36356,70.93331,666.0,259.0,2026
21.36356,71.01294,641.0,263.0,2027
21.36356,71.09256,723.0,265.0,2028
21.36356,71.17219,727.0,267.0,2029
21.36356,71.25181,646.0,259.0,2030
21.36356,71.33144,628.0,271.0,2031
21.36356,71.41106,484.0,247.0,2032
21.36356,71.49069,457.0,241.0,2033
21.36356,71.57031,242.0,201.0,2034
21.36356,71.64994,265.0,213.0,2035
21.36356,71.72956,376.0,226.0,2036
21.36356,71.80919,419.0,209.0,2037
21.36356,71.88882,394.0,314.0,2038
21.36356,71.96844,493.0,348.0,2039
21.36356,72.04807,386.0,334.0,2040
21.36356,72.12769,197.0,150.0,2041
21.36356,72.20732,23.4,29.9,2042
21.36356,72.60544,10.2,15.9,2043
21.36356,72.68507,139.0,107.0,2044
21.36356,72.76469,270.0,159.0,2045
21.36356,72.84432,283.0,197.0,2046
21.36356,72.92394,279.0,199.0,2047
21.36356,73.00357,223.0,136.0,2048
21.36356,73.08319,183.0,161.0,2049
21.36356,73.16282,183.0,170.0,2050
21.36356,73.24244,181.0,185.0,2051
21.36356,73.32207,171.0,158.0,2052
21.36356,73.40169,23.6,25.9,2053
21.36356,73.48132,5.39,7.79,2054
21.36356,73.56094,8.19,7.44,2055
21.36356,73.64057,7.0,6.5,2056
21.36356,73.72019,6.58,6.73,2057
21.36356,73.79982,11.0,9.69,2058
21.36356,73.87944,15.7,9.98,2059
21.36356,73.95907,16.3,10.2,2060
21.36356,74.03869,8.01,4.34,2061
21.28296,69.81856,10.8,17.5,2062
21.28296,69.89819,39.7,42.4,2063
21.28296,69.97781,72.5,63.7,2064
21.28296,70.05744,193.0,105.0,2065
21.28296,70.13706,270.0,168.0,2066
21.28296,70.21669,232.0,190.0,2067
21.28296,70.29631,213.0,147.0,2068
21.28296,70.37594,208.0,150.0,2069
21.28296,70.45556,157.0,145.0,2070
21.28296,70.53519,84.0,153.0,2071
21.28296,70.61481,74.0,244.0,2072
21.28296,70.69444,196.0,230.0,2073
21.28296,70.77406,213.0,157.0,2074
21.28296,70.85369,289.0,227.0,2075
21.28296,70.93331,458.0,235.0,2076
21.28296,71.01294,444.0,225.0,2077
21.28296,71.09256,483.0,241.0,2078
21.28296,71.17219,531.0,257.0,2079
21.28296,71.25181,477.0,199.0,2080
21.28296,71.33144,446.0,215.0,2081
21.28296,71.41106,404.0,235.0,2082
21.28296,71.49069,382.0,206.0,2083
21.28296,71.57031,166.0,208.0,2084
21.28296,71.64994,174.0,209.0,2085
21.28296,71.72956,327.0,219.0,2086
21.28296,71.80919,384.0,228.0,2087
21.28296,71.88882,402.0,328.0,2088
21.28296,71.96844,490.0,355.0,2089
21.28296,72.04807,368.0,324.0,2090
21.28296,72.12769,132.0,68.9,2091
21.28296,72.60544,11.4,21.1,2092
21.28296,72.68507,161.0,182.0,2093
21.28296,72.76469,268.0,161.0,2094
21.28296,72.84432,255.0,172.0,2095
21.28296,72.92394,261.0,185.0,2096
21.28296,73.00357,245.0,151.0,2097
21.28296,73.08319,203.0,143.0,2098
21.28296,73.16282,193.0,165.0,2099
21.28296,73.24244,190.0,148.0,2100
21.28296,73.32207,199.0,142.0,2101
21.28296,73.40169,99.9,73.6,2102
21.28296,73.48132,48.1,43.2,2103
21.28296,73.56094,16.3,18.3,2104
21.28296,73.64057,3.92,2.62,2105
21.28296,73.72019,3.66,2.52,2106
21.28296,73.79982,11.0,11.2,2107
21.28296,73.87944,6.39,5.88,2108
21.28296,73.95907,3.49,4.01,2109
21.20236,69.89819,11.0,25.1,2110
21.20236,69.97781,43.6,41.3,2111
21.20236,70.05744,207.0,87.0,2112
21.20236,70.13706,190.0,80.1,2113
21.20236,70.21669,250.0,126.0,2114
21.20236,70.29631,214.0,111.0,2115
21.20236,70.37594,148.0,74.0,2116
21.20236,70.45556,124.0,62.8,2117
21.20236,70.53519,38.0,58.7,2118
21.20236,70.61481,27.5,28.8,2119
21.20236,70.69444,45.4,39.8,2120
21.20236,70.77406,48.9,35.3,2121
21.20236,70.85369,25.6,15.8,2122
21.20236,70.93331,35.7,28.2,2123
21.20236,71.01294,77.4,62.1,2124
21.20236,71.09256,127.0,82.3,2125
21.20236,71.17219,125.0,73.2,2126
21.20236,71.25181,230.0,109.0,2127
21.20236,71.33144,344.0,138.0,2128
21.20236,71.41106,347.0,121.0,2129
21.20236,71.49069,307.0,149.0,2130
21.20236,71.57031,329.0,148.0,2131
21.20236,71.64994,354.0,132.0,2132
21.20236,71.72956,344.0,179.0,2133
21.20236,71.80919,355.0,194.0,2134
21.20236,71.88882,400.0,182.0,2135
21.20236,71.96844,396.0,214.0,2136
21.20236,72.04807,308.0,254.0,2137
21.20236,72.12769,33.0,18.0,2138
21.20236,72.60544,28.9,17.8,2139
21.20236,72.68507,88.1,72.6,2140
21.20236,72.76469,94.8,84.7,2141
21.20236,72.84432,65.1,52.8,2142
21.20236,72.92394,257.0,105.0,2143
21.20236,73.00357,260.0,125.0,2144
21.20236,73.08319,247.0,97.9,2145
21.20236,73.16282,204.0,89.8,2146
21.20236,73.24244,210.0,120.0,2147
21.20236,73.32207,214.0,118.0,2148
21.20236,73.40169,131.0,91.2,2149
21.20236,73.48132,109.0,89.3,2150
21.20236,73.56094,56.6,73.7,2151
21.20236,73.64057,22.9,22.5,2152
21.20236,73.72019,22.4,25.3,2153
21.20236,73.79982,23.0,25.7,2154
21.20236,73.87944,4.7,3.37,2155
21.12176,69.97781,28.8,17.6,2156
21.12176,70.05744,173.0,43.8,2157
21.12176,70.13706,191.0,85.8,2158
21.12176,70.21669,271.0,97.1,2159
21.12176,70.29631,207.0,88.7,2160
21.12176,70.37594,157.0,65.7,2161
21.12176,70.45556,115.0,59.8,2162
21.12176,70.53519,50.1,49.3,2163
21.12176,70.61481,44.8,46.2,2164
21.12176,70.69444,44.3,20.9,2165
21.12176,71.01294,58.6,21.1,2166
21.12176,71.09256,135.0,37.4,2167
21.12176,71.17219,141.0,30.7,2168
21.12176,71.25181,233.0,93.3,2169
21.12176,71.33144,343.0,112.0,2170
21.12176,71.41106,373.0,111.0,2171
21.12176,71.49069,336.0,117.0,2172
21.12176,71.57031,354.0,121.0,2173
21.12176,71.64994,360.0,119.0,2174
21.12176,71.72956,362.0,144.0,2175
21.12176,71.80919,340.0,152.0,2176
21.12176,71.88882,324.0,149.0,2177
21.12176,71.96844,294.0,107.0,2178
21.12176,72.04807,82.6,43.0,2179
21.12176,72.12769,6.05,1.06,2180
21.12176,72.60544,6.74,0.905,2181
21.12176,72.68507,9.69,4.27,2182
21.12176,72.76469,36.2,30.5,2183
21.12176,72.84432,59.1,58.1,2184
21.12176,72.92394,237.0,93.6,2185
21.12176,73.00357,229.0,79.5,2186
21.12176,73.08319,208.0,77.3,2187
21.12176,73.16282,192.0,75.7,2188
21.12176,73.24244,196.0,75.9,2189
21.12176,73.32207,201.0,77.7,2190
21.12176,73.40169,144.0,92.3,2191
21.12176,73.48132,129.0,105.0,2192
21.12176,73.56094,63.9,83.7,2193
21.12176,73.64057,32.9,29.4,2194
21.12176,73.72019,15.1,11.8,2195
21.12176,73.79982,13.3,9.61,2196
21.12176,73.87944,2.71,1.56,2197
21.04116,70.13706,208.0,52.6,2198
21.04116,70.21669,233.0,116.0,2199
21.04116,70.29631,192.0,124.0,2200
21.04116,70.37594,154.0,82.6,2201
21.04116,70.45556,126.0,84.4,2202
21.04116,70.53519,130.0,95.1,2203
21.04116,70.61481,110.0,101.0,2204
21.04116,70.69444,70.1,58.6,2205
21.04116,70.77406,9.83,39.2,2206
21.04116,70.85369,28.7,6.9,2207
21.04116,70.93331,47.8,9.01,2208
21.04116,71.01294,15.0,52.6,2209
21.04116,71.09256,106.0,38.3,2210
21.04116,71.17219,150.0,32.8,2211
21.04116,71.25181,268.0,120.0,2212
21.04116,71.33144,335.0,133.0,2213
21.04116,71.41106,334.0,133.0,2214
21.04116,71.49069,297.0,162.0,2215
21.04116,71.57031,347.0,148.0,2216
21.04116,71.64994,342.0,146.0,2217
21.04116,71.72956,277.0,170.0,2218
21.04116,71.80919,134.0,70.5,2219
21.04116,71.88882,103.0,50.0,2220
21.04116,72.68507,2.87,1.5,2221
21.04116,72.76469,12.9,12.2,2222
21.04116,72.84432,55.9,56.5,2223
21.04116,72.92394,103.0,78.3,2224
21.04116,73.00357,168.0,89.3,2225
21.04116,73.08319,172.0,74.2,2226
21.04116,73.16282,178.0,76.7,2227
21.04116,73.24244,177.0,93.0,2228
21.04116,73.32207,163.0,76.1,2229
21.04116,73.40169,137.0,85.3,2230
21.04116,73.48132,119.0,83.8,2231
21.04116,73.56094,59.1,64.5,2232
21.04116,73.64057,30.8,28.8,2233
21.04116,73.72019,6.5,8.41,2234
21.04116,73.79982,4.64,8.48,2235
20.96056,70.13706,87.8,36.7,2236
20.96056,70.21669,62.2,61.3,2237
20.96056,70.29631,111.0,108.0,2238
20.96056,70.37594,116.0,125.0,2239
20.96056,70.45556,141.0,149.0,2240
20.96056,70.53519,143.0,153.0,2241
20.96056,70.61481,158.0,133.0,2242
20.96056,70.69444,153.0,154.0,2243
20.96056,70.77406,77.6,78.2,2244
20.96056,70.85369,77.7,68.8,2245
20.96056,70.93331,84.7,63.1,2246
20.96056,71.01294,91.2,94.5,2247
20.96056,71.09256,136.0,114.0,2248
20.96056,71.17219,167.0,106.0,2249
20.96056,71.25181,501.0,141.0,2250
20.96056,71.33144,386.0,116.0,2251
20.96056,71.41106,320.0,108.0,2252
20.96056,71.49069,185.0,47.3,2253
20.96056,71.57031,113.0,28.0,2254
20.96056,71.64994,81.7,29.0,2255
20.96056,71.72956,70.6,17.2,2256
20.96056,71.80919,43.8,18.0,2257
20.96056,72.68507,2.34,1.26,2258
20.96056,72.76469,8.9,5.78,2259
20.96056,72.84432,45.1,44.8,2260
20.96056,72.92394,90.7,78.6,2261
20.96056,73.00357,145.0,105.0,2262
20.96056,73.08319,191.0,88.2,2263
20.96056,73.16282,223.0,87.1,2264
20.96056,73.24244,197.0,115.0,2265
20.96056,73.32207,200.0,94.4,2266
20.96056,73.40169,105.0,65.1,2267
20.96056,73.48132,13.8,13.3,2268
20.96056,73.56094,1.7,2.91,2269
20.96056,73.64057,3.56,2.24,2270
20.96056,73.72019,0.913,0.656,2271
20.96056,73.79982,0.922,0.789,2272
20.96056,73.87944,0.589,0.982,2273
20.87996,70.29631,37.9,53.2,2274
20.87996,70.37594,75.9,91.5,2275
20.87996,70.45556,153.0,134.0,2276
20.87996,70.53519,154.0,151.0,2277
20.87996,70.61481,160.0,132.0,2278
20.87996,70.69444,158.0,129.0,2279
20.87996,70.77406,149.0,126.0,2280
20.87996,70.85369,137.0,122.0,2281
20.87996,70.93331,152.0,124.0,2282
20.87996,71.01294,165.0,144.0,2283
20.87996,71.09256,183.0,159.0,2284
20.87996,71.17219,203.0,154.0,2285
20.87996,71.25181,341.0,147.0,2286
20.87996,71.33144,326.0,113.0,2287
20.87996,71.41106,244.0,49.3,2288
20.87996,71.49069,57.2,24.0,2289
20.87996,72.76469,2.16,0.329,2290
20.87996,72.84432,43.5,43.8,2291
20.87996,72.92394,50.9,54.5,2292
20.87996,73.00357,61.5,72.3,2293
20.87996,73.08319,119.0,71.7,2294
20.87996,73.16282,134.0,68.0,2295
20.87996,73.24244,132.0,68.9,2296
20.87996,73.32207,137.0,74.7,2297
20.87996,73.40169,47.0,28.7,2298
20.87996,73.48132,0.92,2.46,2299
20.87996,73.56094,0.844,0.595,2300
20.87996,73.79982,0.867,0.642,2301
20.87996,73.87944,1.76,1.79,2302
20.79936,70.37594,8.8,2.12,2303
20.79936,70.45556,20.9,12.9,2304
20.79936,70.53519,36.7,43.0,2305
20.79936,70.61481,117.0,113.0,2306
20.79936,70.69444,129.0,123.0,2307
20.79936,70.77406,158.0,162.0,2308
20.79936,70.85369,127.0,111.0,2309
20.79936,70.93331,133.0,117.0,2310
20.79936,71.01294,66.3,74.2,2311
20.79936,71.09256,65.1,62.0,2312
20.79936,71.17219,51.7,56.3,2313
20.79936,71.25181,67.5,75.1,2314
20.79936,71.33144,22.2,21.8,2315
20.79936,71.41106,5.81,3.6,2316
20.79936,72.84432,2.38,3.57,2317
20.79936,72.92394,13.6,12.4,2318
20.79936,73.00357,77.6,84.9,2319
20.79936,73.08319,98.3,83.2,2320
20.79936,73.16282,104.0,79.5,2321
20.79936,73.24244,108.0,75.1,2322
20.79936,73.32207,80.3,66.9,2323
20.79936,73.40169,39.5,25.6,2324
20.79936,73.48132,1.41,1.2,2325
20.79936,73.56094,1.07,0.663,2326
20.79936,73.72019,1.03,0.809,2327
20.79936,73.79982,1.16,0.957,2328
20.79936,73.87944,0.786,1.2,2329
20.71876,70.53519,1.03,0.799,2330
20.71876,70.61481,2.23,2.86,2331
20.71876,70.69444,30.2,22.2,2332
20.71876,70.77406,28.7,34.2,2333
20.71876,70.85369,17.2,11.7,2334
20.71876,70.93331,29.8,16.5,2335
20.71876,71.01294,13.4,10.9,2336
20.71876,71.09256,2.06,2.31,2337
20.71876,71.17219,2.59,1.68,2338
20.71876,72.84432,1.84,1.63,2339
20.71876,72.92394,57.5,71.0,2340
20.71876,73.00357,99.6,88.7,2341
20.71876,73.08319,98.6,84.7,2342
20.71876,73.16282,103.0,75.9,2343
20.71876,73.24244,106.0,76.9,2344
20.71876,73.32207,40.3,29.9,2345
20.71876,73.40169,41.2,24.0,2346
20.71876,73.48132,1.63,1.2,2347
20.71876,73.56094,0.728,0.613,2348
20.71876,73.64057,0.657,0.482,2349
20.71876,73.72019,1.05,0.614,2350
20.71876,73.79982,0.882,0.666,2351
20.63816,72.84432,2.09,1.62,2352
20.63816,72.92394,66.4,82.4,2353
20.63816,73.00357,117.0,79.7,2354
20.63816,73.08319,112.0,76.7,2355
20.63816,73.16282,116.0,77.1,2356
20.63816,73.24244,64.1,66.4,2357
20.63816,73.32207,6.64,5.38,2358
20.63816,73.40169,3.25,3.73,2359
20.63816,73.48132,0.544,0.352,2360
20.63816,73.56094,0.446,0.189,2361
20.63816,73.64057,0.412,0.19,2362
20.55756,72.84432,6.12,7.61,2363
20.55756,72.92394,57.5,74.2,2364
20.55756,73.00357,98.8,93.0,2365
20.55756,73.08319,107.0,82.2,2366
20.55756,73.16282,99.2,80.0,2367
20.55756,73.24244,48.6,43.3,2368
20.55756,73.32207,4.38,2.44,2369
20.55756,73.40169,2.31,3.44,2370
20.55756,73.48132,1.46,0.92,2371
20.47696,72.84432,6.48,7.4,2372
20.47696,72.92394,66.4,73.0,2373
20.47696,73.00357,104.0,150.0,2374
20.47696,73.08319,103.0,130.0,2375
20.47696,73.16282,98.7,129.0,2376
20.47696,73.24244,16.0,17.8,2377
20.47696,73.32207,0.856,2.64,2378
20.47696,73.40169,2.44,3.5,2379
20.47696,73.48132,2.15,2.39,2380
20.39636,72.76469,6.89,8.64,2381
20.39636,72.84432,9.03,11.0,2382
20.39636,72.92394,58.6,58.1,2383
20.39636,73.00357,98.1,139.0,2384
20.39636,73.08319,94.2,112.0,2385
20.39636,73.16282,80.3,95.4,2386
20.39636,73.24244,5.54,3.29,2387
20.39636,73.32207,7.81,0.919,2388
20.31576,72.68507,2.83,5.28,2389
20.31576,72.76469,29.1,39.0,2390
20.31576,72.84432,30.8,39.7,2391
20.31576,72.92394,21.6,31.4,2392
20.31576,73.00357,32.5,42.8,2393
20.31576,73.08319,18.0,24.5,2394
20.31576,73.16282,12.8,16.1,2395
20.31576,73.24244,19.5,18.9,2396
20.31576,73.32207,28.6,28.8,2397
20.31576,73.40169,4.03,5.77,2398
20.31576,73.48132,0.196,0.233,2399
20.23516,72.68507,2.7,6.33,2400
20.23516,72.76469,36.5,46.1,2401
20.23516,72.84432,32.7,38.4,2402
20.23516,72.92394,20.2,20.6,2403
20.23516,73.00357,8.26,6.44,2404
20.23516,73.08319,6.36,10.3,2405
20.23516,73.16282,3.72,5.58,2406
20.23516,73.24244,8.08,9.57,2407
20.23516,73.32207,9.13,10.6,2408
20.23516,73.40169,3.9,5.58,2409
20.23516,73.48132,0.0908,0.394,2410
20.15456,72.68507,1.04,1.32,2411
20.15456,72.76469,11.1,11.9,2412
20.15456,72.84432,5.14,6.03,2413
20.15456,72.92394,0.295,1.09,2414
20.15456,73.00357,0.225,0.538,2415
20.15456,73.08319,1.22,1.69,2416
20.15456,73.16282,0.346,1.03,2417
