,Source,Destination,Value
0,1522,1582.0,506.1893005
1,1797,1582.0,415.1624451
2,1923,1582.0,501.8478699
3,1693,1582.0,501.2810669
4,2212,1582.0,497.2198486
5,1694,1582.0,497.1636353
6,1695,1582.0,496.8195496
7,1039,1582.0,495.9294434
8,1204,1582.0,495.1648254
9,797,1582.0,476.6159363
10,1149,1582.0,494.4630127
11,1291,1582.0,396.7731323
12,1924,1582.0,493.4349365
13,1748,1582.0,492.0498047
14,606,1582.0,489.2658386
15,857,1582.0,487.1634827
16,1758,1582.0,486.0817261
17,1583,1582.0,484.7617188
18,1651,1582.0,482.557373
19,1301,1582.0,478.7762146
20,1326,1582.0,479.5778198
21,863,1582.0,418.0330811
22,1518,1582.0,476.6982117
23,1519,1582.0,475.0984802
24,1367,1582.0,428.0007324
25,2136,1582.0,474.2764282
26,2170,1582.0,473.9232178
27,984,1582.0,471.7546997
28,1687,1582.0,471.1652527
29,1582,1582.0,470.7923584
30,1801,1582.0,437.0521545
31,1647,1582.0,467.7168579
32,799,1582.0,428.5977173
33,1142,1582.0,465.7544556
34,1038,1582.0,465.6888123
35,2128,1582.0,465.5874939
36,929,1582.0,448.3851013
37,1707,1582.0,465.032135
38,1650,1582.0,464.9301147
39,1649,1582.0,464.9119873
40,1091,1582.0,463.4609985
41,864,1582.0,426.2723694
42,1732,1110.0,88.13795471
43,2140,1110.0,71.82009888
44,1680,1110.0,107.1006927
45,2320,1110.0,81.537117
46,53,1110.0,99.77066803
47,1621,1110.0,110.939743
48,1986,1110.0,99.79225159
49,1792,1110.0,109.4178543
50,38,1110.0,109.3404846
51,1537,1110.0,109.2114105
52,1240,1110.0,109.0543976
53,1539,1110.0,38.58047867
54,1345,1110.0,96.5506134
55,659,1110.0,79.03347778
56,72,1110.0,94.17098236
57,241,1110.0,108.2821121
58,400,1110.0,82.08921051
59,453,1110.0,108.0746078
60,376,1110.0,94.73247528
61,1073,1110.0,90.25256348
62,176,1110.0,89.08773041
63,35,1110.0,106.6903
64,371,1110.0,106.6161804
65,2184,1110.0,67.70053101
66,312,1110.0,82.59981537
67,751,1110.0,55.40239716
68,323,1110.0,105.872406
69,165,1110.0,105.7884445
70,1278,1110.0,64.70386505
71,750,1110.0,55.49284363
72,1295,1110.0,84.29669952
73,24,1110.0,102.1615219
74,593,1110.0,104.6771317
75,428,1110.0,100.0787354
76,1361,1110.0,87.49073792
77,2336,1110.0,104.2678833
78,242,1110.0,103.9617767
79,70,1110.0,75.42221069
80,1280,1110.0,103.4037476
81,2319,1110.0,60.78339005
82,856,1110.0,90.79019165
83,1448,1110.0,103.1330795
84,791,1110.0,79.33026886
85,1909,1110.0,65.26753235
86,979,1110.0,50.74405289
87,2353,1110.0,65.40737915
88,697,1110.0,74.89846039
89,2305,1110.0,80.27496338
90,368,1110.0,93.61142731
91,20,1110.0,102.0387497
92,22,1110.0,98.68532562
93,1656,1110.0,101.9355392
94,1165,1110.0,101.7467804
95,1110,1110.0,101.5592041
96,50,1110.0,97.72034454
97,628,1110.0,101.2560806
98,52,1110.0,97.20592499
99,1560,1110.0,101.0551834
100,892,1110.0,89.60167694
101,907,1110.0,92.52983093
102,1901,1110.0,98.74681854
103,2193,1110.0,87.39758301
104,569,1110.0,79.84043121
105,81,1110.0,63.16709518
106,215,1110.0,91.64479065
107,2013,1110.0,52.96861267
108,1447,1110.0,98.85224915
109,2385,1110.0,76.60784912
110,1821,1110.0,80.14098358
111,2309,1110.0,97.98890686
112,692,1110.0,70.9119339
113,1266,1110.0,97.60632324
114,1990,1110.0,63.03791809
115,1788,1110.0,67.32333374
116,1281,1110.0,96.98323059
117,1500,1110.0,96.77584076
118,324,1110.0,96.7742157
119,183,1110.0,96.7725296
120,2150,1110.0,87.24716949
121,591,1110.0,96.32318878
122,1418,1110.0,43.06017303
123,1734,1110.0,65.69596863
124,186,1110.0,75.98630524
125,1599,1110.0,26.92672539
126,2293,1110.0,73.80249786
127,1182,1110.0,75.71935272
128,896,1110.0,75.08165741
129,1238,1110.0,94.11656952
130,39,1110.0,85.43305206
131,2224,1110.0,80.17812347
132,1567,1110.0,93.25360107
133,1844,1110.0,91.94863892
134,42,1110.0,81.48925781
135,1682,1110.0,92.57649231
136,604,1110.0,86.72338104
137,2338,1110.0,92.25349426
138,2123,1110.0,91.96891022
139,120,1110.0,90.00435638
140,2071,1110.0,49.76872635
141,2261,1110.0,71.04937744
142,2102,1110.0,55.17652512
143,2074,1110.0,75.69217682
144,397,1110.0,72.2578125
145,185,1110.0,76.50317383
146,1239,1110.0,90.10897827
147,2267,1110.0,90.0603714
148,370,1110.0,89.91216278
149,48,1110.0,88.23899078
150,828,1110.0,84.07659149
151,1933,1110.0,88.56752777
152,1476,1110.0,88.95079803
153,2194,1110.0,41.88762665
154,172,1110.0,85.70796967
155,1557,1110.0,87.31671906
156,1350,1110.0,50.84581757
157,59,1110.0,70.10900116
158,1596,1110.0,67.88464355
159,95,1110.0,75.46169281
160,629,1110.0,86.07442474
161,536,1110.0,86.06648254
162,728,1110.0,68.22644806
163,107,1110.0,62.50580978
164,871,1472.0,309.9178467
165,1489,1472.0,309.6898193
166,803,1472.0,266.4095154
167,1548,1472.0,308.3617859
168,1256,1472.0,308.285675
169,1482,1472.0,307.5878296
170,1212,1472.0,209.3708954
171,1879,1472.0,272.8161316
172,1389,1472.0,306.3335876
173,389,1472.0,306.0499573
174,2112,1472.0,149.7090759
175,1495,1472.0,305.6223755
176,1398,1472.0,305.2963562
177,1286,1472.0,289.3587341
178,1589,1472.0,304.761322
179,2097,1472.0,255.9252777
180,1434,1472.0,302.4358826
181,926,1472.0,208.142334
182,1467,1472.0,301.3349915
183,1493,1472.0,290.7788696
184,2145,1472.0,223.3135986
185,1570,1472.0,300.2075806
186,1471,1472.0,299.7922668
187,1545,1472.0,283.4012146
188,1719,1472.0,286.1939697
189,2045,1472.0,229.7245789
190,1100,1472.0,220.7229462
191,1178,1472.0,243.4675751
192,1228,1472.0,273.6330872
193,1071,1472.0,298.2219543
194,1592,1472.0,297.1520386
195,1854,1472.0,242.4745941
196,1368,1472.0,274.7609558
197,1529,1472.0,296.3774719
198,1334,1472.0,212.5039215
199,2177,1472.0,296.305603
200,1387,1472.0,240.7340851
201,1576,1472.0,295.967041
202,1716,1472.0,295.6570129
203,2134,1472.0,295.0796509
204,299,1472.0,294.8771057
205,672,1472.0,294.3746643
206,1388,1472.0,289.8308105
207,1553,1472.0,216.6380768
208,1458,1472.0,293.7177734
209,1003,1472.0,293.7047424
210,1630,1472.0,293.3252563
211,2047,1472.0,238.4269562
212,792,1472.0,293.1678162
213,1201,1472.0,293.1638184
214,341,1472.0,292.5953979
215,1663,1472.0,254.2305603
216,1773,1472.0,219.0626831
217,1255,1472.0,260.5655212
218,1358,1472.0,228.705307
219,2185,1472.0,217.2897339
220,1302,1472.0,266.4660339
221,1571,1472.0,263.9595642
222,991,1472.0,281.54953
223,1547,1472.0,288.520813
224,1472,1472.0,288.5139465
225,1543,1472.0,288.3945007
226,1393,1472.0,287.8139343
227,1494,1472.0,287.657196
228,1911,1472.0,245.2975311
229,1960,1472.0,115.243309
230,2176,1472.0,287.3909607
231,1490,1472.0,281.0049133
232,1709,1472.0,286.6777649
233,1328,1472.0,286.5295715
234,1523,1472.0,285.9654846
235,742,1472.0,268.4223328
236,1088,1472.0,280.7292175
237,1864,1919.0,985.0750122
238,1862,1919.0,980.3297119
239,1809,1919.0,977.4821777
240,1808,1919.0,974.4382935
241,1861,1919.0,968.0300903
242,1859,1919.0,964.3596191
243,1860,1919.0,962.2457886
244,1917,1919.0,954.677124
245,1918,1919.0,948.1965332
246,1919,1919.0,945.8411865
247,1810,1919.0,937.9274292
248,1811,1919.0,930.5663452
249,1863,1919.0,928.1743164
250,2031,1919.0,923.5870361
251,1920,1919.0,911.3155518
252,1752,1919.0,875.8511353
253,1916,1919.0,871.8162231
254,1804,1919.0,865.3952026
255,1755,1919.0,863.2745361
256,1754,1919.0,862.2376099
257,2056,1767.0,8.201347351
258,2196,1767.0,10.56826878
259,275,1767.0,10.42857742
260,234,1767.0,12.9816103
261,1246,1767.0,15.21295261
262,10,1767.0,7.824808598
263,2180,1767.0,14.93453598
264,715,1767.0,10.67888641
265,2330,1767.0,5.20801115
266,530,1767.0,11.94791412
267,2377,1767.0,11.38449287
268,511,1767.0,14.83858109
269,2392,1767.0,14.81295395
270,726,1767.0,8.615568161
271,110,1767.0,3.43081212
272,975,1767.0,14.59730721
273,247,1767.0,9.90243721
274,89,1767.0,9.841005325
275,2403,1767.0,14.46724415
276,2054,1767.0,10.54863262
277,2408,1767.0,14.35209084
278,667,1767.0,0.732584059
279,2325,1767.0,12.09415722
280,239,1767.0,14.01790905
281,2010,1767.0,12.99409008
282,198,1767.0,13.84467697
283,648,1767.0,11.59830666
284,542,1767.0,13.91447735
285,316,1767.0,-1.927820563
286,784,1767.0,11.96407604
287,2382,1767.0,9.575175285
288,12,1767.0,7.678735256
289,2092,1767.0,6.88773632
290,1876,1767.0,11.32993889
291,462,1767.0,4.60508728
292,85,1767.0,6.246482372
293,967,1767.0,13.66729736
294,2043,1767.0,10.13929653
295,359,1767.0,13.11963081
296,1894,1767.0,10.09793377
297,704,1767.0,12.27425861
298,718,1767.0,10.13997555
299,193,1767.0,10.60304737
300,785,1767.0,13.51033401
301,664,1767.0,8.43537426
302,203,1767.0,13.36216831
303,199,1767.0,13.28616142
304,2409,1767.0,13.25531197
305,238,1767.0,13.21525478
306,725,1767.0,3.779141188
307,2380,1767.0,0.79388231
308,853,1767.0,10.74987411
309,2407,1767.0,13.01391888
310,287,1767.0,8.569712639
311,2300,1767.0,7.179824829
312,2235,1767.0,9.184542656
313,69,1767.0,10.25106716
314,582,1767.0,12.82231522
315,1026,1767.0,12.79299641
316,424,1767.0,7.892455101
317,1028,1767.0,12.70133686
318,2388,1767.0,7.92683506
319,1191,1767.0,12.4261198
320,86,1767.0,4.286935329
321,2303,1767.0,12.38743687
322,721,1767.0,9.625784874
323,710,1767.0,12.15959263
324,2055,1767.0,5.939925194
325,413,1767.0,12.17512226
326,716,1767.0,8.236495972
327,782,1767.0,3.943120241
328,482,1767.0,9.304712296
329,141,1767.0,3.331573486
330,1957,1767.0,9.302772522
331,11,1767.0,4.205312729
332,1895,1767.0,10.88588238
333,573,1767.0,9.274906158
334,713,1767.0,9.335616112
335,2416,1767.0,11.64838696
336,64,1767.0,6.228609562
337,457,1767.0,7.061050892
338,1559,1767.0,8.406301498
339,2106,1767.0,3.770038605
340,1249,1767.0,3.735438585
341,574,1767.0,11.46865273
342,2387,1767.0,10.76545906
343,2414,1767.0,11.41413403
344,663,1767.0,11.36937714
345,67,1767.0,5.381204128
346,665,1767.0,6.332621098
347,1081,1767.0,11.3089838
348,66,1767.0,7.475251675
349,2304,1767.0,4.158540249
350,1498,1767.0,8.317200661
351,514,1767.0,6.66414547
352,580,1767.0,8.861084938
353,2410,1767.0,11.15567493
354,2012,1767.0,7.433310509
355,360,1767.0,11.11851215
356,46,1767.0,3.798615694
357,278,1767.0,-3.415749788
358,285,1767.0,5.551438808
359,1025,1767.0,10.98687458
360,2405,1767.0,10.98483658
361,1314,1767.0,10.98466206
362,539,1767.0,10.9506216
363,787,1767.0,10.16654682
364,632,1767.0,10.93754387
365,410,1767.0,10.92333221
366,207,1767.0,5.696157455
367,1891,1767.0,5.718338013
368,770,1767.0,6.554952145
369,1315,1767.0,10.86019897
370,722,1767.0,9.331019402
371,1029,1767.0,10.68121338
372,330,1767.0,2.053579569
373,723,1767.0,10.64229965
374,701,1767.0,10.51988411
375,108,1767.0,6.29472208
376,2105,1767.0,4.891228199
377,585,1767.0,10.5384407
378,458,1767.0,7.742629051
379,1135,1767.0,5.152290821
380,572,1767.0,6.969865322
381,837,1767.0,6.879170895
382,2400,1767.0,4.189917564
383,917,1767.0,2.676898479
384,469,1767.0,4.853130817
385,277,1767.0,-2.001967192
386,901,1767.0,10.15390491
387,13,1767.0,4.787637234
388,902,1767.0,9.623025894
389,1598,1767.0,2.565011263
390,2271,1767.0,3.72695899
391,476,1767.0,9.955698013
392,2259,1767.0,5.869959831
393,517,1767.0,9.355218887
394,1082,1767.0,9.845915794
395,2122,1767.0,9.831149101
396,115,1767.0,5.554683685
397,2057,1767.0,4.967206955
398,1027,1767.0,9.764899254
399,915,1767.0,4.405264378
400,2411,1767.0,1.964945555
401,2378,1767.0,7.007027626
402,1932,1767.0,9.00829792
403,2358,1767.0,3.945624828
404,116,1767.0,6.034171581
405,459,1767.0,5.846864223
406,772,1767.0,6.790509701
407,586,1767.0,9.433062553
408,2317,1767.0,9.385009766
409,2398,1767.0,9.383491516
410,200,1767.0,9.381369591
411,456,1767.0,5.831871033
412,963,1767.0,8.449964523
413,905,1767.0,7.469743252
414,900,1767.0,8.669707298
415,771,1767.0,5.637703419
416,2108,1767.0,7.747377396
417,1030,1767.0,8.883896828
418,1247,1767.0,4.181358814
419,703,1767.0,8.981491089
420,583,1767.0,8.958317757
421,836,1767.0,8.389115334
422,47,1767.0,8.93377018
423,0,1767.0,7.1566782
424,635,1767.0,8.892418861
425,1767,1767.0,0.160878569
426,2331,1767.0,8.820227623
427,2270,1767.0,8.813733101
428,168,1767.0,2.000316143
429,2302,1767.0,3.718644381
430,1137,1767.0,4.680286407
431,45,1767.0,8.636707306
432,319,1767.0,8.63506794
433,286,1767.0,8.628815651
434,852,1767.0,6.924298763
435,408,1767.0,8.390900612
436,1190,1767.0,8.357802391
437,1192,1767.0,8.346385956
438,977,1767.0,3.687565565
439,365,1767.0,7.627098083
440,512,1767.0,3.889882088
441,467,1767.0,6.955730438
442,2269,1767.0,8.166399956
443,328,1767.0,5.58430624
444,1956,1767.0,5.80648756
445,970,1767.0,3.965151072
446,318,1767.0,7.971116543
447,320,1767.0,7.960391998
448,2011,1767.0,7.917354107
449,2389,1767.0,3.401604414
450,1822,1767.0,4.107511044
451,835,1767.0,7.313221455
452,411,1767.0,7.849618912
453,1193,1767.0,7.788317204
454,2412,1767.0,7.021725655
455,966,1767.0,7.822529316
456,1617,1767.0,3.776168108
457,1618,1767.0,4.460582256
458,206,1767.0,5.143285275
459,361,1767.0,6.590796947
460,714,1767.0,5.973929882
461,969,1767.0,1.113407254
462,1136,1767.0,3.776988745
463,2206,1767.0,7.525788784
464,246,1767.0,5.929866791
465,280,1767.0,3.693325043
466,523,1767.0,2.26568222
467,916,1767.0,1.816192508
468,1031,1767.0,4.515478134
469,455,1767.0,3.82534647
470,1083,1767.0,7.371014595
471,194,1767.0,6.868528843
472,276,1767.0,7.31039381
473,1313,1767.0,7.310095787
474,2361,1767.0,7.233712673
475,774,1767.0,5.820995331
476,2395,1767.0,6.878657341
477,849,1767.0,6.415124893
478,576,1767.0,5.053831577
479,904,1767.0,2.478733301
480,2415,1767.0,7.069854259
481,364,1767.0,6.123250484
482,1896,1767.0,3.06878829
483,524,1767.0,3.457901955
484,117,1767.0,1.775292516
485,838,1767.0,6.291681767
486,2347,1767.0,6.132164001
487,1306,1767.0,6.547312737
488,2379,1767.0,4.177695274
489,414,1767.0,6.688909054
490,366,1767.0,6.686676979
491,839,1767.0,4.879848003
492,1248,1767.0,5.234280586
493,195,1767.0,5.366857052
494,1032,1767.0,5.35749054
495,2413,1767.0,6.492839336
496,513,1767.0,4.552548885
497,91,1767.0,0.717912138
498,786,1767.0,6.328495502
499,964,1767.0,6.40309
500,2351,1767.0,6.36788559
501,2359,1767.0,4.576938152
502,1138,1767.0,2.57919383
503,965,1767.0,5.84687233
504,2406,1767.0,6.322273254
505,196,1767.0,4.866297245
506,702,1767.0,6.275898457
507,2272,1767.0,3.72695899
508,1372,1767.0,6.105349064
509,425,1767.0,3.560028553
510,1251,1767.0,4.795256615
511,2370,1767.0,4.443202972
512,2062,1767.0,2.408021212
513,903,1767.0,5.270541191
514,525,1767.0,3.785226345
515,480,1767.0,5.63677454
516,773,1767.0,2.748267651
517,2339,1767.0,4.427475929
518,279,1767.0,-5.071145058
519,2299,1767.0,2.406936169
520,1139,1767.0,-4.289850712
521,1897,1767.0,4.195680618
522,968,1767.0,4.733606815
523,245,1767.0,3.666008234
524,205,1767.0,2.685146332
525,111,1767.0,-1.484777093
526,522,1767.0,1.116684794
527,406,1767.0,3.013823986
528,2197,1767.0,4.749227524
529,2207,1767.0,4.745767593
530,2360,1767.0,3.651767015
531,329,1767.0,4.694600582
532,461,1767.0,2.030216932
533,481,1767.0,1.219561696
534,2350,1767.0,4.602611065
535,2258,1767.0,4.575738907
536,2273,1767.0,3.205984831
537,415,1767.0,4.41822052
538,204,1767.0,1.266060829
539,2417,1767.0,4.219704151
540,362,1767.0,4.192096233
541,404,1767.0,4.192096233
542,409,1767.0,1.660505652
543,978,1767.0,3.551380634
544,407,1767.0,3.364899635
545,1839,1767.0,3.210387707
546,68,1767.0,2.951717854
547,244,1767.0,3.62859416
548,142,1767.0,0.863820016
549,29,1767.0,3.094701767
550,363,1767.0,2.906536579
551,235,1767.0,2.269058466
552,2329,1767.0,2.329610586
553,2399,1767.0,0.250862122
554,2362,1767.0,1.797903657
555,14,1767.0,2.6793437
556,112,1767.0,0.783304453
557,90,1767.0,1.344101667
558,2328,1767.0,2.01110673
559,2352,1767.0,1.295261025
560,2363,1767.0,1.560786843
561,2348,1767.0,1.372125864
562,2301,1767.0,0.428509176
563,412,1767.0,0.518188655
564,2371,1767.0,-8.867220879
565,1619,1767.0,0.764345407
566,2326,1767.0,-0.288119465
567,2349,1767.0,-0.851777852
568,783,1767.0,-2.381425142
569,2327,1767.0,-2.743772268
570,1157,1346.0,152.716095
571,678,1346.0,188.99823
572,1269,1346.0,173.3517609
573,987,1346.0,179.1687469
574,953,1346.0,147.1471252
575,620,1346.0,176.7688599
576,383,1346.0,192.9647064
577,304,1346.0,187.0477448
578,1069,1346.0,162.3062592
579,1440,1346.0,192.7513123
580,909,1346.0,192.5955963
581,544,1346.0,192.4158783
582,1403,1346.0,177.7923431
583,623,1346.0,163.119751
584,1668,1346.0,172.8785858
585,2228,1346.0,182.278595
586,809,1346.0,166.1824799
587,1878,1346.0,167.6430054
588,1452,1346.0,191.361557
589,1063,1346.0,180.7247467
590,1154,1346.0,150.8171997
591,1098,1346.0,171.2829895
592,1526,1346.0,190.8879852
593,755,1346.0,159.5552063
594,1503,1346.0,137.5355377
595,503,1346.0,171.0982971
596,1819,1346.0,190.3941956
597,919,1346.0,145.981308
598,2022,1346.0,136.8469238
599,1411,1346.0,189.6291046
600,1595,1346.0,183.565094
601,2159,1346.0,177.2474213
602,568,1346.0,188.8372498
603,745,1346.0,180.7727356
604,1210,1346.0,178.9678192
605,867,1346.0,187.9442596
606,387,1346.0,188.3006287
607,2014,1346.0,112.5830383
608,1534,1346.0,179.0786896
609,1501,1346.0,188.0844574
610,946,1346.0,153.6676636
611,1564,1346.0,187.9875336
612,2114,1346.0,164.7410583
613,754,1346.0,179.5041656
614,1064,1346.0,170.7651825
615,1402,1346.0,177.4999542
616,617,1346.0,159.0508118
617,908,1346.0,186.6610107
618,2218,1346.0,186.6126862
619,1480,1346.0,164.6628418
620,2266,1346.0,175.5759277
621,303,1346.0,173.2209778
622,1872,1346.0,184.3941498
623,2051,1346.0,149.9496613
624,392,1346.0,178.9143372
625,945,1346.0,159.064743
626,614,1346.0,182.7322388
627,345,1346.0,177.1481934
628,221,1346.0,184.966156
629,557,1346.0,165.4701996
630,293,1346.0,184.2884369
631,1171,1346.0,172.4666901
632,1045,1346.0,133.2312012
633,2188,1346.0,143.3273773
634,1016,1346.0,161.1450653
635,556,1346.0,168.0500336
636,825,1346.0,150.3538055
637,1102,1346.0,141.256897
638,1502,1346.0,183.0950165
639,886,1346.0,140.1269226
640,2225,1346.0,127.3010788
641,384,1346.0,172.5690002
642,1929,1346.0,169.8455048
643,2296,1346.0,144.7832184
644,2003,1346.0,142.4978027
645,264,1346.0,158.8583221
646,747,1346.0,181.75383
647,1015,1346.0,155.5317383
648,222,1346.0,181.4541626
649,1555,1346.0,154.0933533
650,1622,1346.0,181.1535034
651,874,1346.0,180.8332214
652,680,1346.0,180.7789612
653,394,1346.0,180.6636505
654,379,1346.0,180.3158875
655,1511,1346.0,180.2406769
656,1047,1346.0,145.2998047
657,1346,1346.0,179.9891052
658,890,1346.0,166.2677917
659,1042,1346.0,164.1921082
660,1156,1346.0,142.76297
661,1009,1346.0,148.0165558
662,1276,1346.0,179.1529236
663,1399,1346.0,179.1391449
664,1441,1346.0,179.0716705
665,885,1346.0,148.6582489
666,2115,1346.0,128.1584625
667,1533,1346.0,178.6159058
668,1116,1346.0,161.8574829
669,597,1346.0,169.3022003
670,1450,1346.0,178.4329681
671,2240,1346.0,168.8556519
672,256,1346.0,141.3008118
673,1678,1346.0,178.201889
674,1336,1346.0,171.5842438
675,395,1346.0,166.9139404
676,1930,1346.0,166.9844208
677,1010,1346.0,152.813446
678,2202,1346.0,155.1543274
679,1944,1346.0,170.8102722
680,1623,1346.0,177.3377991
681,733,1346.0,177.2419891
682,1162,1346.0,150.7382965
683,887,1346.0,130.4630737
684,883,1346.0,175.2769623
685,1236,1346.0,170.0326691
686,938,1346.0,152.7782745
687,1319,1346.0,176.3276367
688,2175,1637.0,439.6781006
689,1354,1637.0,375.8211975
690,1868,1637.0,437.631073
691,2169,1637.0,435.6508484
692,1856,1637.0,435.0868225
693,1143,1637.0,433.5296021
694,1036,1637.0,432.4226379
695,1357,1637.0,350.3981628
696,1515,1637.0,431.1139221
697,2020,1637.0,293.756897
698,2017,1637.0,272.4317627
699,1433,1637.0,345.0427856
700,1321,1637.0,396.9166565
701,1205,1637.0,425.865509
702,2040,1637.0,421.6279907
703,981,1637.0,420.5683289
704,1090,1637.0,420.5001526
705,1520,1637.0,419.9412231
706,2090,1637.0,418.861908
707,982,1637.0,415.5144348
708,1802,1637.0,415.3242493
709,1484,1637.0,414.8173523
710,1690,1637.0,397.8478699
711,1849,1637.0,315.5810242
712,1747,1637.0,408.9061279
713,1637,1637.0,408.6639099
714,1579,1637.0,406.915802
715,1260,1637.0,406.8677673
716,1590,1637.0,406.7571716
717,1743,1637.0,405.45047
718,1145,1637.0,404.7425232
719,1289,1637.0,339.4651794
720,1608,1637.0,404.3954163
721,1342,1637.0,403.7356567
722,1273,1637.0,402.9356995
723,1585,1637.0,400.0331421
724,1850,1637.0,237.0976257
725,1851,1637.0,216.2859802
726,607,1637.0,398.3427124
727,1692,1637.0,397.8969727
728,1634,1637.0,396.405365
729,2015,1637.0,270.7254639
730,1848,1637.0,305.1778564
731,1607,1637.0,393.8572998
732,1591,1637.0,393.4846191
733,2016,1637.0,325.1854858
734,1745,1637.0,391.6151123
735,2088,1637.0,390.8505859
736,1259,1637.0,390.8434753
737,1688,1637.0,390.5667114
738,800,1637.0,321.1383057
739,1636,1637.0,387.9794006
740,1706,1516.0,386.6331787
741,1746,1516.0,385.8457947
742,1454,1516.0,384.6952209
743,1580,1516.0,384.5366821
744,1040,1516.0,384.0009155
745,1274,1516.0,382.1716003
746,1913,1516.0,339.1829224
747,2018,1516.0,268.9459839
748,1813,1516.0,379.3319092
749,1639,1516.0,377.9683228
750,1629,1516.0,377.4713745
751,1290,1516.0,328.0687256
752,1906,1516.0,226.8064117
753,1814,1516.0,374.9370117
754,2066,1516.0,242.7404938
755,1907,1516.0,197.0553131
756,1229,1516.0,337.5808716
757,547,1516.0,372.4208984
758,2077,1516.0,372.1584473
759,2285,1516.0,371.8098755
760,1531,1516.0,365.0537109
761,1258,1516.0,371.4583435
762,985,1516.0,371.2767334
763,1262,1516.0,371.0960999
764,1517,1516.0,370.9190063
765,2135,1516.0,370.8747559
766,1356,1516.0,304.830719
767,866,1516.0,326.3981628
768,1037,1516.0,369.0875549
769,1122,1516.0,367.7520752
770,1261,1516.0,366.2870789
771,1492,1516.0,324.3575745
772,1491,1516.0,312.6989136
773,1320,1516.0,329.1814575
774,1231,1516.0,297.421936
775,673,1516.0,342.5699463
776,1516,1516.0,365.2628479
777,1689,1516.0,365.2019348
778,1287,1516.0,302.1286621
779,1230,1516.0,284.3684082
780,1605,1516.0,314.1687012
781,1453,1516.0,363.4114075
782,1686,1516.0,284.5402832
783,1521,1516.0,362.1875
784,1691,1516.0,362.1737061
785,2127,1516.0,362.1185913
786,1355,1516.0,284.4467163
787,1936,1516.0,277.8889771
788,930,1516.0,302.9418945
789,1431,1516.0,288.3491821
790,2038,1516.0,358.8422546
791,1340,1516.0,358.7169189
792,1324,1516.0,358.1860657
793,1275,1516.0,357.6645203
794,1432,1516.0,326.1319275
795,1179,1516.0,341.9674377
796,2253,1516.0,356.7488708
797,2019,1516.0,251.9683533
798,1665,1516.0,302.0992432
799,1921,1698.0,684.7771606
800,2251,1698.0,676.3511963
801,793,1698.0,655.0088501
802,2286,1698.0,668.2696533
803,2214,1698.0,657.6260376
804,1701,1698.0,654.859375
805,1644,1698.0,652.7416382
806,796,1698.0,617.2154541
807,859,1698.0,613.9057007
808,1803,1698.0,636.5463257
809,2080,1698.0,633.5142822
810,1698,1698.0,627.9578857
811,1750,1698.0,625.3911133
812,2081,1698.0,615.5831909
813,2039,1698.0,610.3112793
814,1865,1698.0,604.675354
815,983,1698.0,602.4934082
816,2215,1698.0,601.2258911
817,2172,1698.0,599.6235352
818,920,1698.0,505.1123657
819,1984,1698.0,597.451355
820,1696,1698.0,593.6358643
821,1652,1698.0,588.6646729
822,375,603.0,24.0103302
823,402,603.0,53.55221939
824,1789,603.0,40.2571907
825,1710,603.0,49.57892609
826,769,603.0,46.59658813
827,1439,603.0,53.0237236
828,2063,603.0,28.57137299
829,1507,603.0,44.17681885
830,960,603.0,41.89138794
831,1055,603.0,45.34310913
832,1675,603.0,55.10967636
833,7,603.0,47.03606415
834,768,603.0,46.15855408
835,1950,603.0,48.3503418
836,1538,603.0,10.96209335
837,1413,603.0,52.56773376
838,1034,603.0,46.49344254
839,169,603.0,21.58404732
840,1838,603.0,25.80591965
841,1380,603.0,46.70835495
842,417,603.0,43.68796921
843,775,603.0,50.65425873
844,2255,603.0,52.90824509
845,630,603.0,42.2567749
846,1842,603.0,21.45824432
847,1952,603.0,51.47392654
848,1140,603.0,26.94503403
849,478,603.0,51.99311447
850,83,603.0,26.29075432
851,61,603.0,41.50658035
852,1877,603.0,32.82035446
853,25,603.0,46.87533188
854,637,603.0,48.17323303
855,357,603.0,31.59346771
856,2316,603.0,51.43343353
857,1477,603.0,28.7460289
858,65,603.0,11.07813454
859,589,603.0,42.50812912
860,699,603.0,45.54684067
861,8,603.0,45.75266647
862,841,603.0,35.52314377
863,1780,603.0,3.859588861
864,1728,603.0,12.75467968
865,767,603.0,39.52930832
866,739,603.0,40.34726334
867,27,603.0,33.89990234
868,188,603.0,13.96201992
869,475,603.0,49.16645813
870,2220,603.0,48.8470192
871,1676,603.0,48.40281677
872,1445,603.0,48.73519516
873,706,603.0,24.4456768
874,1953,603.0,44.59331131
875,1987,603.0,21.34930611
876,912,603.0,29.29755211
877,2223,603.0,41.2488327
878,712,603.0,43.31387711
879,2318,603.0,30.57137108
880,1833,603.0,30.00690651
881,1446,603.0,47.53131104
882,1283,603.0,47.49855042
883,705,603.0,45.61618042
884,6,603.0,32.78491211
885,416,603.0,47.09697723
886,26,603.0,33.35511017
887,166,603.0,18.64076996
888,1658,603.0,16.7153759
889,2005,603.0,33.81888962
890,1674,603.0,33.34952164
891,833,603.0,44.19404984
892,1298,603.0,32.71044159
893,233,603.0,25.15501213
894,289,603.0,41.7632103
895,1348,603.0,36.79702759
896,1729,603.0,19.05356979
897,587,603.0,40.33680344
898,134,603.0,31.85479546
899,202,603.0,44.85630798
900,1779,603.0,15.51886082
901,1382,603.0,44.82208633
902,322,603.0,44.71464539
903,708,603.0,32.80296326
904,603,603.0,44.46003723
905,135,603.0,32.77680206
906,2236,603.0,4.020263195
907,631,603.0,37.82024384
908,420,603.0,44.2205925
909,1376,603.0,44.10056305
910,529,603.0,37.66265869
911,426,603.0,15.86910439
912,1735,603.0,38.19280624
913,1727,603.0,25.78936958
914,543,603.0,43.63639832
915,403,603.0,21.94685936
916,1778,603.0,19.82715225
917,2006,603.0,38.87546539
918,540,603.0,30.91760826
919,1730,603.0,37.03274155
920,465,603.0,29.91433907
921,640,603.0,26.11114693
922,2118,603.0,8.896518707
923,698,603.0,33.90430069
924,167,603.0,21.98188591
925,2245,603.0,42.00259018
926,854,603.0,33.58000183
927,232,603.0,23.39129639
928,2332,603.0,41.80134964
929,602,603.0,41.68579483
930,534,603.0,38.76478577
931,140,603.0,28.44283867
932,43,603.0,15.76935673
933,1416,603.0,41.02030563
934,727,603.0,40.96299744
935,1657,603.0,32.87256241
936,662,603.0,40.86302948
937,599,603.0,40.84144592
938,1899,603.0,14.47526264
939,654,603.0,10.64076424
940,832,603.0,31.26761246
941,2386,603.0,38.253685
942,898,603.0,40.37202072
943,2256,603.0,40.26576996
944,472,603.0,28.2864666
945,2333,603.0,39.81549835
946,1187,603.0,31.06126022
947,1824,603.0,38.41430283
948,1954,603.0,19.99000931
949,639,603.0,24.83123207
950,707,603.0,31.62452888
951,2268,603.0,38.81991577
952,531,603.0,12.1171217
953,1438,603.0,38.63366699
954,1253,603.0,33.06235123
955,2060,603.0,38.10791016
956,1132,603.0,17.08265877
957,2182,603.0,27.18602562
958,1373,603.0,24.58378029
959,1383,603.0,37.53055191
960,162,603.0,26.15630531
961,2345,603.0,30.89319229
962,2154,603.0,26.10783958
963,1078,603.0,19.29342079
964,325,603.0,23.65490341
965,1783,603.0,10.84837341
966,2291,603.0,32.70964813
967,575,603.0,25.75675392
968,1768,603.0,25.08220482
969,367,603.0,32.74455261
970,700,603.0,29.68256378
971,2390,603.0,33.58013916
972,1374,603.0,34.72047806
973,1244,603.0,20.22138786
974,650,603.0,23.42565918
975,831,603.0,9.029090881
976,719,603.0,20.47187996
977,570,603.0,30.74480629
978,2179,603.0,34.01986313
979,1955,603.0,3.973999023
980,2260,603.0,24.51777649
981,644,603.0,33.92026138
982,170,603.0,33.81251526
983,288,603.0,16.84688187
984,2404,603.0,24.26039314
985,1370,603.0,26.87373734
986,2166,1053.0,243.8361816
987,1525,1053.0,243.8257599
988,1049,1053.0,230.5491333
989,1150,1053.0,243.1316223
990,1883,1053.0,201.108963
991,1524,1053.0,242.6507416
992,260,1053.0,198.1061554
993,501,1053.0,220.5023956
994,1487,1053.0,231.7262726
995,810,1053.0,236.165802
996,229,1053.0,206.6352692
997,555,1053.0,233.3599701
998,2086,1053.0,240.6804352
999,1829,1053.0,175.1863403
1000,1420,1053.0,190.7250824
1001,1940,1053.0,196.6251526
1002,306,1053.0,240.2095184
1003,1152,1053.0,185.79422
1004,1550,1053.0,239.616394
1005,1887,1053.0,191.6730042
1006,605,1053.0,229.6105194
1007,1124,1053.0,204.3656616
1008,1853,1053.0,174.4113617
1009,2147,1053.0,174.5401917
1010,1602,1053.0,217.2370605
1011,298,1053.0,233.1282196
1012,1633,1053.0,231.4749756
1013,339,1053.0,224.6952362
1014,1881,1053.0,157.7561035
1015,307,1053.0,218.5492859
1016,1158,1053.0,217.769165
1017,442,1053.0,235.6193085
1018,1427,1053.0,186.0692444
1019,1880,1053.0,141.1233978
1020,439,1053.0,237.0634766
1021,2148,1053.0,164.5505676
1022,1939,1053.0,178.4181366
1023,928,1053.0,167.4201813
1024,1614,1053.0,198.7322693
1025,551,1053.0,219.5888367
1026,1113,1053.0,236.3324585
1027,1404,1053.0,233.369339
1028,1770,1053.0,204.6376953
1029,1466,1053.0,235.9488678
1030,1820,1053.0,233.901001
1031,609,1053.0,235.790802
1032,1396,1053.0,235.4653168
1033,1118,1053.0,191.3549194
1034,615,1053.0,206.3562012
1035,1513,1053.0,235.1888275
1036,870,1053.0,235.0765381
1037,342,1053.0,234.8408508
1038,1830,1053.0,195.3316803
1039,2049,1053.0,175.3528595
1040,225,1053.0,222.9542084
1041,2101,1053.0,138.5256805
1042,386,1053.0,233.187851
1043,441,1053.0,214.3446198
1044,560,1053.0,191.5526581
1045,1053,1053.0,182.6284943
1046,500,1053.0,222.0793457
1047,266,1053.0,200.5474854
1048,1587,1053.0,232.3294373
1049,1722,1053.0,221.6654816
1050,220,1053.0,232.1904144
1051,1242,1053.0,221.624649
1052,2037,1053.0,231.6790161
1053,872,1053.0,231.6369629
1054,927,1053.0,204.1439667
1055,610,1053.0,231.5449829
1056,2124,1053.0,231.5139008
1057,488,1053.0,230.9918823
1058,1089,1053.0,231.4191437
1059,271,1053.0,178.5899353
1060,1001,1053.0,225.658432
1061,549,1053.0,163.421875
1062,1059,1053.0,230.9021759
1063,502,1053.0,211.4390259
1064,1714,1053.0,230.5674133
1065,949,1053.0,182.0740356
1066,1721,1053.0,219.4279785
1067,2249,1053.0,230.1812134
1068,988,1053.0,177.1700287
1069,348,1053.0,210.4407349
1070,1226,1053.0,229.3643646
1071,1816,1053.0,229.0907745
1072,1099,1053.0,157.4169617
1073,1050,1053.0,210.0558624
1074,1827,1053.0,213.3937378
1075,1170,1053.0,208.9183197
1076,1941,1053.0,210.512619
1077,1224,1053.0,227.4598236
1078,1828,1053.0,155.2876587
1079,868,1053.0,182.7744904
1080,1284,1111.0,152.1326447
1081,224,1111.0,146.4126892
1082,619,1111.0,141.7734985
1083,2239,1111.0,164.6595764
1084,746,1111.0,162.6804047
1085,943,1111.0,130.0677643
1086,822,1111.0,120.4048767
1087,1054,1111.0,123.3740005
1088,2002,1111.0,125.7332001
1089,1563,1111.0,163.5672607
1090,508,1111.0,159.0808258
1091,2142,1111.0,93.23532104
1092,1624,1111.0,157.2930908
1093,129,1111.0,124.3425598
1094,2354,1111.0,96.10050964
1095,1610,1111.0,143.7875214
1096,2085,1111.0,162.9968109
1097,684,1111.0,151.3307953
1098,815,1111.0,162.8262177
1099,155,1111.0,162.6942291
1100,2307,1111.0,161.9307709
1101,2313,1111.0,161.846817
1102,1209,1111.0,161.7993927
1103,1061,1111.0,161.255722
1104,156,1111.0,159.5363617
1105,1832,1111.0,137.2238464
1106,355,1111.0,145.8961182
1107,613,1111.0,160.7876892
1108,734,1111.0,160.5959473
1109,2210,1111.0,160.4365234
1110,1566,1111.0,160.225769
1111,1574,1111.0,160.016037
1112,735,1111.0,159.9273834
1113,452,1111.0,153.3344879
1114,1451,1111.0,159.7585907
1115,1478,1111.0,118.458374
1116,1959,1111.0,90.43582916
1117,1671,1111.0,116.1041565
1118,489,1111.0,137.1278992
1119,164,1111.0,139.1119843
1120,434,1111.0,135.0129852
1121,1903,1111.0,91.63002014
1122,179,1111.0,144.1297302
1123,1208,1111.0,116.2228928
1124,401,1111.0,152.1523132
1125,147,1111.0,132.4959106
1126,1846,1111.0,90.51222229
1127,1048,1111.0,117.7957382
1128,178,1111.0,139.9992218
1129,154,1111.0,157.6847992
1130,2374,1111.0,111.6691742
1131,1044,1111.0,134.2108002
1132,444,1111.0,123.2527847
1133,681,1111.0,120.0327454
1134,399,1111.0,151.267395
1135,1852,1111.0,89.18261719
1136,1777,1111.0,128.5527191
1137,76,1111.0,153.7170258
1138,1943,1111.0,156.1748962
1139,757,1111.0,127.103035
1140,807,1111.0,155.6082764
1141,2262,1111.0,113.5099869
1142,1443,1111.0,125.6626053
1143,2199,1111.0,155.0356903
1144,2116,1111.0,119.0010452
1145,157,1111.0,154.8934174
1146,131,1111.0,131.7156219
1147,1625,1111.0,154.6552277
1148,429,1111.0,150.161499
1149,567,1111.0,150.5139618
1150,1058,1111.0,154.3791351
1151,2230,1111.0,149.5854645
1152,2314,1111.0,154.0562897
1153,158,1111.0,114.2390137
1154,2001,1111.0,132.7358093
1155,17,1111.0,118.9568405
1156,2044,1111.0,118.4160156
1157,2025,1111.0,143.5782013
1158,486,1111.0,133.7399902
1159,2238,1111.0,153.2671967
1160,125,1111.0,128.9764099
1161,122,1111.0,140.5607147
1162,128,1111.0,134.5089569
1163,102,1111.0,128.6445007
1164,2161,1111.0,127.8676605
1165,1065,1111.0,140.3650055
1166,272,1111.0,134.7126465
1167,749,1111.0,151.0812836
1168,449,1111.0,148.8314514
1169,944,1111.0,129.0566711
1170,1111,1111.0,150.6496887
1171,760,1111.0,132.9212646
1172,1679,1111.0,140.7621155
1173,2295,1111.0,109.6743393
1174,79,1111.0,149.3044128
1175,1057,1111.0,150.1508331
1176,2247,1111.0,150.0040741
1177,313,1111.0,137.7925262
1178,99,1111.0,130.8278809
1179,758,1111.0,138.5163574
1180,1237,1111.0,119.8681412
1181,759,1111.0,131.5915985
1182,2297,1111.0,108.2935715
1183,450,1111.0,148.4355621
1184,1886,1111.0,141.2910461
1185,820,1111.0,122.1619644
1186,1126,1111.0,128.911972
1187,891,1111.0,136.5808868
1188,821,1111.0,113.6825333
1189,1540,1111.0,121.5545807
1190,1998,1111.0,107.0939102
1191,1982,1111.0,146.9697113
1192,73,1111.0,100.6409836
1193,2375,1111.0,124.3880234
1194,682,1111.0,125.8913116
1195,1300,1111.0,125.7716904
1196,2041,1111.0,140.4980774
1197,127,1111.0,131.0530853
1198,507,1111.0,145.9711151
1199,2149,1111.0,94.97477722
1200,1479,1111.0,136.1371613
1201,596,1111.0,136.5305786
1202,1505,1111.0,110.813385
1203,2209,1111.0,145.4766846
1204,1008,1111.0,145.1213379
1205,335,1111.0,141.0020142
1206,1394,1111.0,145.2112427
1207,1825,1111.0,132.9965668
1208,1352,1111.0,124.1044006
1209,918,1111.0,95.78859711
1210,37,1111.0,132.9122009
1211,2384,1111.0,112.4615479
1212,377,1111.0,144.900177
1213,1562,1111.0,144.8315277
1214,148,1111.0,104.1940994
1215,1527,1111.0,144.5153961
1216,566,1111.0,127.4650345
1217,1568,1111.0,144.4003601
1218,1442,1111.0,119.1737976
1219,97,1111.0,131.3950806
1220,33,1111.0,134.1477203
1221,2294,1111.0,112.2506561
1222,936,1111.0,143.2295532
1223,132,1111.0,127.6905441
1224,2282,1111.0,142.9953003
1225,1181,1111.0,130.3267365
1226,1672,1111.0,92.27262878
1227,1977,922.0,852.984314
1228,1972,922.0,839.5348511
1229,1700,922.0,787.9152222
1230,2032,922.0,780.5443726
1231,1751,922.0,772.5790405
1232,922,922.0,596.6620483
1233,858,922.0,767.107666
1234,921,922.0,733.0771484
1235,2033,922.0,766.5802612
1236,2027,922.0,731.7209473
1237,1147,922.0,717.4841919
1238,1978,922.0,706.5786133
1239,2213,922.0,700.972168
1240,1971,1643.0,584.5575562
1241,2250,1643.0,582.951355
1242,2079,1643.0,582.2558594
1243,1146,1643.0,581.6030273
1244,1697,1643.0,580.6795654
1245,2171,1643.0,578.4827271
1246,1866,1643.0,574.1265869
1247,2252,1643.0,570.9418945
1248,1645,1643.0,568.4464722
1249,1581,1643.0,567.5147705
1250,1756,1643.0,566.0623779
1251,861,1643.0,545.1134033
1252,862,1643.0,467.9989624
1253,1703,1643.0,560.6876831
1254,1757,1643.0,560.0198364
1255,794,1643.0,557.791687
1256,2034,1643.0,557.513855
1257,2026,1643.0,555.501709
1258,1867,1643.0,549.5484619
1259,1148,1643.0,546.9527588
1260,1093,1643.0,546.8788452
1261,1646,1643.0,546.8286743
1262,1922,1643.0,546.0744019
1263,923,1643.0,504.7339172
1264,1979,1643.0,543.2094727
1265,1474,1643.0,542.0595093
1266,1643,1643.0,542.0515747
1267,1288,1643.0,427.7816467
1268,1638,1643.0,541.1177979
1269,1640,1643.0,539.9037476
1270,2173,1643.0,538.7416382
1271,1749,1643.0,537.2250366
1272,1702,1643.0,536.7561035
1273,2089,1643.0,535.3580322
1274,1641,1643.0,532.9555664
1275,1761,1643.0,530.2689819
1276,932,1470.0,347.9988708
1277,2178,1470.0,347.5012512
1278,1708,1470.0,346.0394592
1279,1980,1470.0,345.7401123
1280,1391,1470.0,345.6747742
1281,1532,1470.0,345.4139709
1282,1514,1470.0,345.3294678
1283,1964,1470.0,168.7750244
1284,1327,1470.0,345.1094055
1285,2137,1470.0,344.9780579
1286,1271,1470.0,301.2724915
1287,1965,1470.0,243.028183
1288,1961,1470.0,232.7511292
1289,1578,1470.0,343.1139221
1290,1331,1470.0,342.3075867
1291,1424,1470.0,294.2731628
1292,1772,1470.0,278.2073059
1293,1323,1470.0,331.7260132
1294,1847,1470.0,239.227356
1295,1575,1470.0,341.6495361
1296,1815,1470.0,340.9990234
1297,1704,1470.0,339.4791565
1298,1325,1470.0,339.3043213
1299,1604,1470.0,318.0223999
1300,925,1470.0,189.6231689
1301,1176,1470.0,302.0246582
1302,1717,1470.0,298.7365112
1303,1904,1470.0,236.180603
1304,2217,1470.0,335.8071899
1305,1173,1470.0,317.8414917
1306,1606,1470.0,282.6060181
1307,1272,1470.0,253.6624908
1308,1483,1470.0,334.4711914
1309,1718,1470.0,304.0252991
1310,1577,1470.0,333.8145752
1311,1172,1470.0,303.7837219
1312,1198,1470.0,296.5273132
1313,1935,1470.0,288.2142334
1314,1199,1470.0,323.1654968
1315,1339,1470.0,332.697876
1316,1963,1470.0,149.2727203
1317,1456,1470.0,332.3876648
1318,1423,1470.0,281.441864
1319,1470,1470.0,331.7529907
1320,1661,1470.0,295.4654236
1321,2065,1470.0,161.7155914
1322,996,1470.0,233.8308105
1323,2287,1470.0,330.3769226
1324,1197,1470.0,288.9959412
1325,1390,1470.0,328.8308411
1326,2132,1470.0,327.0805969
1327,1353,1470.0,299.1563416
1328,1268,1470.0,261.7974854
1329,1405,1470.0,325.6699524
1330,2087,1470.0,325.1802673
1331,1264,1470.0,324.857666
1332,1594,1470.0,324.7725525
1333,1962,1470.0,144.0400543
1334,2131,1470.0,324.552063
1335,1177,1470.0,259.1565857
1336,1257,1470.0,324.1906128
1337,296,1470.0,314.9831848
1338,1469,1470.0,323.366272
1339,1457,1470.0,321.7150269
1340,1462,1470.0,321.3799438
1341,1794,1470.0,281.0097351
1342,1805,1753.0,1085.865234
1343,1973,1753.0,1070.343262
1344,1974,1753.0,1069.307007
1345,1699,1753.0,1050.885864
1346,2030,1753.0,1050.689575
1347,1975,1753.0,1050.626831
1348,2029,1753.0,1048.682495
1349,1753,1753.0,1035.066284
1350,2028,1753.0,1029.821411
1351,1976,1753.0,1027.716309
1352,1858,1753.0,1019.723206
1353,1806,1753.0,1007.26593
1354,1807,1753.0,1004.874878
1355,1857,1753.0,1002.647522
1356,1915,1753.0,995.1709595
1357,1914,1753.0,991.7304077
1358,986,808.0,135.1245728
1359,880,808.0,136.0608521
1360,1885,808.0,111.651329
1361,1006,808.0,135.3220978
1362,1007,808.0,133.0714417
1363,104,808.0,130.2886353
1364,1871,808.0,131.5538177
1365,937,808.0,134.7181854
1366,123,808.0,123.7748337
1367,255,808.0,106.2869186
1368,1793,808.0,125.6043167
1369,2367,808.0,99.46166229
1370,683,808.0,101.6754456
1371,1072,808.0,134.2738342
1372,2343,808.0,102.2932892
1373,1888,808.0,123.2905655
1374,1254,808.0,110.1816711
1375,190,808.0,127.1422195
1376,737,808.0,132.8927612
1377,2198,808.0,34.99230194
1378,1222,808.0,133.1752014
1379,133,808.0,117.9831696
1380,174,808.0,122.6868973
1381,2344,808.0,88.60941315
1382,1127,808.0,119.4820099
1383,2091,808.0,113.3052444
1384,448,808.0,112.6742554
1385,126,808.0,115.8224716
1386,731,808.0,129.8899994
1387,1685,808.0,127.8335724
1388,509,808.0,129.3917694
1389,71,808.0,87.34010315
1390,506,808.0,122.7008896
1391,1332,808.0,129.1446686
1392,1056,808.0,120.3957062
1393,2365,808.0,73.05377197
1394,177,808.0,116.5141296
1395,226,808.0,113.1023712
1396,2064,808.0,70.07056427
1397,1449,808.0,128.409668
1398,103,808.0,110.1747437
1399,152,808.0,127.8031006
1400,145,808.0,98.49021149
1401,1041,808.0,127.2854385
1402,2073,808.0,80.88072968
1403,1573,808.0,117.796196
1404,2246,808.0,127.0470581
1405,2322,808.0,110.3163223
1406,49,808.0,101.6747665
1407,873,808.0,126.2898254
1408,1928,808.0,124.6553726
1409,191,808.0,115.7952423
1410,1556,808.0,125.9729996
1411,23,808.0,123.1430588
1412,2191,808.0,124.9881058
1413,175,808.0,118.5626678
1414,1185,808.0,125.8900909
1415,1673,808.0,72.75208282
1416,151,808.0,125.7649078
1417,752,808.0,89.35179138
1418,93,808.0,94.16346741
1419,2281,808.0,125.1078415
1420,1615,808.0,75.26554871
1421,826,808.0,119.6831055
1422,2111,808.0,53.19836044
1423,1267,808.0,110.5450974
1424,55,808.0,119.8281708
1425,150,808.0,121.6674347
1426,2321,808.0,106.6339569
1427,808,808.0,122.6236191
1428,77,808.0,122.6178284
1429,173,808.0,119.7879791
1430,2192,808.0,120.2843399
1431,1344,808.0,104.7972488
1432,96,808.0,106.0307159
1433,1303,808.0,114.0562134
1434,1536,808.0,121.4834366
1435,1791,808.0,121.4651489
1436,1600,808.0,121.4282227
1437,184,808.0,100.8010712
1438,1723,808.0,84.66876221
1439,106,808.0,112.9068756
1440,1711,808.0,102.1786423
1441,736,808.0,120.6387253
1442,730,808.0,120.5263214
1443,1419,808.0,75.51526642
1444,1351,808.0,111.8811646
1445,818,808.0,95.63635254
1446,955,808.0,97.22515106
1447,34,808.0,108.4249039
1448,2276,808.0,119.9747696
1449,1378,808.0,119.8544617
1450,54,808.0,118.029129
1451,2117,808.0,76.86177063
1452,1764,808.0,119.4206924
1453,227,808.0,96.34101868
1454,94,808.0,99.60764313
1455,58,808.0,107.1947937
1456,1733,808.0,94.70553589
1457,56,808.0,95.57181549
1458,483,808.0,110.9318848
1459,2355,808.0,108.7590714
1460,80,808.0,106.2860718
1461,57,808.0,107.8373489
1462,1510,808.0,117.6390305
1463,1362,808.0,86.26737976
1464,1128,808.0,105.6825104
1465,51,808.0,108.9258041
1466,334,808.0,116.6675491
1467,451,808.0,110.8505936
1468,1787,808.0,80.30419159
1469,2341,808.0,64.8862381
1470,211,808.0,116.0994263
1471,1739,808.0,109.9375916
1472,2231,808.0,110.4564133
1473,121,808.0,105.9567719
1474,2312,808.0,115.5633163
1475,292,808.0,115.3960876
1476,1738,808.0,115.3474426
1477,1333,808.0,101.8098679
1478,2306,808.0,115.0310593
1479,1184,808.0,114.9981232
1480,1296,808.0,80.63539886
1481,18,808.0,111.1477127
1482,159,808.0,75.487854
1483,1364,808.0,73.07733917
1484,1207,808.0,113.4458466
1485,1958,808.0,78.39983368
1486,398,808.0,85.58720398
1487,21,808.0,102.3113327
1488,2376,808.0,76.98536682
1489,1942,808.0,91.63523102
1490,214,808.0,99.79036713
1491,1724,808.0,86.85451508
1492,283,724.0,33.41743851
1493,851,724.0,32.06337357
1494,881,724.0,33.11768341
1495,2107,724.0,21.10562515
1496,1134,724.0,32.94076538
1497,1781,724.0,-0.760606468
1498,961,724.0,13.86625576
1499,1499,724.0,32.47085953
1500,138,724.0,19.03995323
1501,1243,724.0,23.0492115
1502,789,724.0,18.20634651
1503,1307,724.0,32.07798004
1504,1417,724.0,10.37103462
1505,777,724.0,31.95352936
1506,515,724.0,6.162147522
1507,2334,724.0,31.84584618
1508,2195,724.0,19.59766769
1509,2152,724.0,18.96894455
1510,470,724.0,9.797533035
1511,601,724.0,31.09985161
1512,2153,724.0,26.55775833
1513,571,724.0,30.99449921
1514,2234,724.0,11.32819557
1515,1299,724.0,10.75389004
1516,1024,724.0,13.61618805
1517,240,724.0,30.02698517
1518,2181,724.0,20.94669342
1519,655,724.0,18.54506111
1520,372,724.0,27.64626312
1521,2009,724.0,21.37382317
1522,1304,724.0,27.48692322
1523,1084,724.0,29.17338371
1524,2110,724.0,15.08157635
1525,2274,724.0,29.02336884
1526,290,724.0,18.29306412
1527,2119,724.0,28.75541687
1528,1023,724.0,14.46030617
1529,136,724.0,23.14790154
1530,243,724.0,28.52248192
1531,139,724.0,26.95002174
1532,647,724.0,26.99725151
1533,1414,724.0,25.56286812
1534,779,724.0,28.31633186
1535,816,724.0,24.79250336
1536,1375,724.0,28.15784645
1537,332,724.0,12.29396629
1538,2275,724.0,27.76566696
1539,62,724.0,23.14137268
1540,2397,724.0,27.65237999
1541,843,724.0,25.65859413
1542,237,724.0,27.52602386
1543,326,724.0,11.9349575
1544,656,724.0,25.57028008
1545,636,724.0,20.69862175
1546,1252,724.0,27.30025864
1547,2324,724.0,21.31112671
1548,1782,724.0,7.365960598
1549,2042,724.0,23.74596596
1550,92,724.0,23.05700111
1551,2058,724.0,24.50401688
1552,962,724.0,23.83659554
1553,1245,724.0,22.11460876
1554,479,724.0,25.80975723
1555,1437,724.0,16.758461
1556,578,724.0,13.40809727
1557,473,724.0,20.15729141
1558,2402,724.0,26.43312645
1559,527,724.0,26.31720161
1560,1898,724.0,0.820304155
1561,284,724.0,16.5041256
1562,471,724.0,11.93777752
1563,2155,724.0,12.71788406
1564,840,724.0,3.335416555
1565,423,724.0,10.87140369
1566,2138,724.0,25.71051979
1567,780,724.0,16.15796852
1568,201,724.0,25.90354538
1569,143,724.0,18.23897552
1570,1558,724.0,17.32530785
1571,2401,724.0,25.87831688
1572,358,724.0,11.30075073
1573,1188,724.0,21.55325127
1574,2103,724.0,25.55327797
1575,331,724.0,12.08740616
1576,711,724.0,22.53517342
1577,518,724.0,18.94544029
1578,790,724.0,16.56406593
1579,510,724.0,24.93757439
1580,2257,724.0,24.88419342
1581,114,724.0,20.55597496
1582,2391,724.0,23.77028656
1583,248,724.0,16.23809052
1584,2109,724.0,24.50209808
1585,516,724.0,6.854947567
1586,88,724.0,17.75576591
1587,2061,724.0,24.41763496
1588,460,724.0,19.80465508
1589,1316,724.0,24.20254517
1590,971,724.0,15.56363201
1591,1415,724.0,24.14974022
1592,2139,724.0,18.49176979
1593,1349,724.0,18.60082817
1594,1305,724.0,17.65306473
1595,532,724.0,23.64751244
1596,649,724.0,22.79799652
1597,972,724.0,13.79411221
1598,788,724.0,23.26546097
1599,1837,724.0,17.38926506
1600,584,724.0,23.07958603
1601,4,724.0,15.62791157
1602,2222,724.0,12.08140564
1603,1371,724.0,15.06219673
1604,87,724.0,11.16534615
1605,1731,724.0,19.81411743
1606,847,724.0,19.2040062
1607,724,724.0,21.33436203
1608,646,724.0,21.54279518
1609,661,724.0,22.18684959
1610,2008,724.0,22.15865326
1611,1308,724.0,22.1518383
1612,2369,724.0,15.13473797
1613,834,724.0,19.11121368
1614,63,724.0,14.82560349
1615,528,724.0,11.89501762
1616,709,724.0,21.0057373
1617,373,724.0,21.9498291
1618,1133,724.0,19.73815536
1619,464,724.0,21.83837128
1620,15,724.0,21.814188
1621,781,724.0,16.12454987
1622,113,724.0,12.69437695
1623,641,724.0,21.41112328
1624,914,724.0,14.08392048
1625,468,724.0,20.07790947
1626,645,724.0,21.55814171
1627,2121,724.0,21.45976067
1628,2053,724.0,15.30919266
1629,1893,724.0,13.85730934
1630,643,724.0,21.26301193
1631,1079,724.0,14.05836964
1632,2208,724.0,21.20270729
1633,427,724.0,19.69445801
1634,588,724.0,20.49443245
1635,1875,724.0,17.78437233
1636,855,724.0,14.84574509
1637,1988,724.0,16.88471985
1638,1189,724.0,20.42848778
1639,1,724.0,16.34419632
1640,1381,724.0,20.13883781
1641,657,724.0,20.10960197
1642,2007,724.0,20.10357285
1643,1194,724.0,20.06674194
1644,976,724.0,20.05115128
1645,1312,724.0,19.80092812
1646,317,724.0,19.79067993
1647,474,724.0,19.41930199
1648,579,724.0,15.05750465
1649,2298,724.0,11.79520607
1650,1784,724.0,1.820556879
1651,2221,724.0,14.47626114
1652,848,724.0,16.22863388
1653,282,724.0,19.43803787
1654,2381,724.0,7.309441566
1655,1310,724.0,18.14548874
1656,2120,724.0,4.056711197
1657,118,724.0,8.595898628
1658,281,724.0,18.89356232
1659,541,724.0,14.67682838
1660,1989,724.0,9.923535347
1661,521,724.0,9.941002846
1662,666,724.0,18.87479019
1663,668,724.0,9.175076485
1664,638,724.0,7.861101627
1665,321,724.0,14.63656616
1666,405,724.0,6.764932156
1667,477,724.0,18.76455688
1668,2346,724.0,18.31818581
1669,1309,724.0,16.58632469
1670,236,724.0,18.26183891
1671,28,724.0,9.49252224
1672,520,724.0,18.14923668
1673,109,724.0,7.629260063
1674,2104,724.0,14.01282024
1675,374,724.0,13.4240675
1676,2396,724.0,17.71529579
1677,526,724.0,17.64167213
1678,899,724.0,9.851107597
1679,5,724.0,17.60703278
1680,2394,724.0,15.93682861
1681,633,724.0,12.48255062
1682,634,724.0,17.37564468
1683,1311,724.0,17.27838326
1684,842,724.0,17.27438545
1685,1250,724.0,17.24687386
1686,2372,724.0,8.77931118
1687,1080,724.0,14.87182713
1688,660,724.0,5.760427475
1689,315,724.0,16.07465172
1690,1085,724.0,16.73574829
1691,642,724.0,16.49106407
1692,2290,724.0,16.35925293
1693,1892,724.0,5.531041145
1694,577,724.0,7.792071819
1695,30,724.0,16.28731728
1696,2059,724.0,12.87742043
1697,1317,724.0,16.22518539
1698,197,724.0,16.20811462
1699,44,724.0,12.06567669
1700,137,724.0,4.86970377
1701,581,724.0,16.12128067
1702,1823,724.0,15.94911766
1703,850,724.0,15.94014454
1704,327,724.0,15.83004951
1705,669,724.0,11.25540257
1706,717,724.0,14.7020607
1707,519,724.0,12.58221626
1708,538,724.0,10.35017109
1709,19,1655.0,83.96067047
1710,1218,1655.0,65.08650208
1711,119,1655.0,69.81842804
1712,1712,1655.0,31.25249672
1713,454,1655.0,82.92469788
1714,144,1655.0,75.94277191
1715,1131,1655.0,56.3225174
1716,626,1655.0,62.82389832
1717,354,1655.0,62.47021103
1718,274,1655.0,69.41373444
1719,882,1655.0,39.90416336
1720,844,1655.0,64.15329742
1721,533,1655.0,80.98157501
1722,2364,1655.0,50.69113922
1723,627,1655.0,78.12723541
1724,1294,1655.0,52.86806107
1725,829,1655.0,55.59478378
1726,1360,1655.0,56.92362595
1727,1277,1655.0,76.01925659
1728,2156,1655.0,28.59846497
1729,421,1655.0,80.03746033
1730,1765,1655.0,74.4342041
1731,1020,1655.0,53.24916077
1732,738,1655.0,79.82375336
1733,2183,1655.0,46.57131195
1734,1509,1655.0,79.40862274
1735,895,1655.0,73.4911499
1736,189,1655.0,41.74837875
1737,1835,1655.0,67.53872681
1738,1086,1655.0,50.52089691
1739,764,1655.0,73.81816101
1740,210,1655.0,77.90901184
1741,171,1655.0,78.08042145
1742,763,1655.0,74.41624451
1743,1561,1655.0,77.80501556
1744,1074,1655.0,60.28781128
1745,2337,1655.0,77.49520874
1746,231,1655.0,61.16333389
1747,333,1655.0,75.32085419
1748,653,1655.0,77.07024384
1749,1219,1655.0,29.92360878
1750,2072,1655.0,48.16827774
1751,1077,1655.0,56.08774567
1752,251,1655.0,75.70932007
1753,1017,1655.0,70.47661591
1754,696,1655.0,69.3482132
1755,41,1655.0,58.12976456
1756,84,1655.0,50.11539841
1757,1681,1655.0,69.41086578
1758,846,1655.0,67.78948975
1759,1129,1655.0,63.38528061
1760,16,1655.0,71.48966217
1761,1436,1655.0,61.7710495
1762,1790,1655.0,62.30149841
1763,592,1655.0,46.94429398
1764,2205,1655.0,65.69366455
1765,893,1655.0,70.27005005
1766,1365,1655.0,55.73301697
1767,369,1655.0,74.58170319
1768,31,1655.0,74.33353424
1769,1834,1655.0,53.76039505
1770,2237,1655.0,62.42573547
1771,2254,1655.0,73.71121979
1772,1075,1655.0,26.01374054
1773,600,1655.0,73.54891205
1774,1130,1655.0,46.32444382
1775,1279,1655.0,31.9806366
1776,418,1655.0,72.61462402
1777,1000,1655.0,64.93500519
1778,160,1655.0,46.22231674
1779,1736,1655.0,68.78630829
1780,1018,1655.0,51.45740509
1781,1616,1655.0,23.12721062
1782,1347,1655.0,60.56432724
1783,1836,1655.0,10.35850716
1784,1999,1655.0,46.7591095
1785,2383,1655.0,47.44898605
1786,1843,1655.0,33.31681824
1787,1889,1655.0,55.146595
1788,1444,1655.0,64.85971069
1789,1497,1655.0,71.36830139
1790,765,1655.0,63.37650681
1791,1726,1655.0,52.48573685
1792,906,1655.0,69.32686615
1793,762,1655.0,66.77735138
1794,2292,1655.0,53.47636414
1795,695,1655.0,68.12174225
1796,590,1655.0,70.25640106
1797,187,1655.0,51.37150574
1798,422,1655.0,62.86344147
1799,466,1655.0,69.63906097
1800,658,1655.0,69.56656647
1801,1655,1655.0,69.40668488
1802,2368,1655.0,69.23091125
1803,9,1655.0,61.01874161
1804,652,1655.0,69.10843658
1805,60,1655.0,55.99341202
1806,2340,1655.0,36.78552246
1807,463,1655.0,39.18767929
1808,1951,1655.0,60.92626953
1809,249,1655.0,56.61215591
1810,2335,1655.0,68.5351181
1811,163,1655.0,68.18404388
1812,2164,1655.0,67.95541382
1813,1021,1655.0,65.89758301
1814,1220,1655.0,24.35118484
1815,1900,1655.0,33.00024796
1816,959,1655.0,59.88531113
1817,1379,1655.0,54.69829178
1818,2393,1655.0,47.89930725
1819,729,1655.0,66.30020905
1820,209,1655.0,64.04348755
1821,2163,1655.0,48.8278923
1822,1508,1655.0,66.94750214
1823,3,1655.0,64.47455597
1824,910,1655.0,43.97251511
1825,1786,1655.0,35.26774597
1826,1363,1655.0,52.995121
1827,1506,1655.0,66.7388382
1828,2219,1655.0,66.72286224
1829,291,1655.0,59.43943787
1830,537,1655.0,56.0551796
1831,761,1655.0,64.32437134
1832,766,1655.0,55.94562149
1833,1840,1655.0,4.609624386
1834,957,1655.0,52.70508575
1835,974,1655.0,45.58303452
1836,2075,1655.0,63.41601181
1837,273,1655.0,54.16273499
1838,40,1655.0,62.59387207
1839,598,1655.0,36.73442459
1840,845,1655.0,50.23008728
1841,1195,1655.0,36.71673203
1842,911,1655.0,36.72030258
1843,1841,1655.0,6.294141293
1844,161,1655.0,29.75979424
1845,720,1655.0,50.90141296
1846,192,1655.0,62.14268112
1847,2165,1655.0,64.07162476
1848,2323,1655.0,60.96592331
1849,208,1655.0,44.05008698
1850,958,1655.0,51.50304794
1851,2373,1655.0,52.83770752
1852,1677,1655.0,63.46250153
1853,1164,1655.0,48.95326614
1854,1713,1655.0,59.84654617
1855,1785,1655.0,17.24065208
1856,250,1655.0,47.19746017
1857,830,1655.0,51.30242538
1858,1109,1655.0,62.88939285
1859,894,1655.0,62.75385284
1860,827,1655.0,59.18444824
1861,2000,1655.0,62.71953964
1862,1597,1655.0,62.6472435
1863,2151,1655.0,43.93041229
1864,2244,1655.0,62.35543823
1865,1282,1655.0,61.37034988
1866,778,1655.0,62.19281769
1867,1076,1655.0,52.33857346
1868,1890,1655.0,41.1239357
1869,897,1655.0,61.88119507
1870,2,1655.0,54.07973099
1871,2233,1655.0,48.57942963
1872,419,1655.0,61.0854187
1873,651,1655.0,53.65150833
1874,1019,1655.0,35.13592148
1875,82,1655.0,30.80243301
1876,1766,1655.0,26.07826614
1877,670,1655.0,41.09507751
1878,1318,1655.0,60.08707428
1879,2232,1655.0,55.28919983
1880,1377,1655.0,49.11808395
1881,694,1655.0,59.76859665
1882,693,1655.0,59.74308395
1883,595,1655.0,51.59771729
1884,740,1655.0,38.64606476
1885,913,1655.0,42.16047287
1886,1949,1655.0,43.09871674
1887,1620,1655.0,58.94512177
1888,956,1655.0,56.44876862
1889,817,1655.0,34.91492844
1890,776,1655.0,46.67016602
1891,973,1655.0,34.75470734
1892,1022,1655.0,46.48693466
1893,1033,1655.0,55.59108353
1894,1297,1655.0,43.18057632
1895,1931,1655.0,51.11118698
1896,1221,1655.0,46.66397095
1897,2357,1655.0,48.5153923
1898,1948,1655.0,37.09792709
1899,594,1655.0,43.33120346
1900,535,1655.0,48.88800812
1901,1776,1112.0,170.3843384
1902,2265,1112.0,199.196991
1903,491,1112.0,211.7247009
1904,1435,1112.0,190.2889099
1905,814,1112.0,220.9825134
1906,561,1112.0,199.036499
1907,259,1112.0,187.4048767
1908,308,1112.0,170.5488892
1909,1983,1112.0,220.3618317
1910,1669,1112.0,203.0105286
1911,1167,1112.0,219.8366852
1912,691,1112.0,202.9059296
1913,744,1112.0,214.4652405
1914,1421,1112.0,186.2095337
1915,1095,1112.0,217.2612915
1916,1335,1112.0,186.7445526
1917,1213,1112.0,184.3583832
1918,676,1112.0,218.8084869
1919,344,1112.0,178.7149658
1920,391,1112.0,218.624054
1921,346,1112.0,210.0466766
1922,1101,1112.0,166.295578
1923,1369,1112.0,177.4499969
1924,302,1112.0,218.1988373
1925,343,1112.0,193.9416656
1926,2241,1112.0,161.1361389
1927,1410,1112.0,193.3305817
1928,2070,1112.0,155.6968994
1929,268,1112.0,167.6854858
1930,1384,1112.0,217.4988098
1931,1292,1112.0,161.8941193
1932,499,1112.0,173.3939056
1933,1060,1112.0,217.0634918
1934,805,1112.0,216.953598
1935,305,1112.0,214.1707306
1936,490,1112.0,192.0733948
1937,2242,1112.0,216.3298035
1938,1119,1112.0,170.594162
1939,435,1112.0,165.4220428
1940,1429,1112.0,195.2963715
1941,1660,1112.0,198.5704651
1942,1613,1112.0,173.1749573
1943,347,1112.0,205.6018372
1944,622,1112.0,179.6008759
1945,217,1112.0,212.6063995
1946,1831,1112.0,169.4207001
1947,558,1112.0,191.2110596
1948,950,1112.0,157.2870789
1949,1947,1112.0,169.8661194
1950,1995,1112.0,123.6342087
1951,550,1112.0,199.4005432
1952,688,1112.0,187.5659943
1953,352,1112.0,164.4068146
1954,1066,1112.0,163.4862213
1955,611,1112.0,204.1414948
1956,1572,1112.0,197.2653046
1957,1293,1112.0,160.4177704
1958,1270,1112.0,177.932724
1959,336,1112.0,199.1062012
1960,1067,1112.0,154.1987762
1961,565,1112.0,212.5611572
1962,181,1112.0,212.5112457
1963,1120,1112.0,204.1181793
1964,254,1112.0,188.8122711
1965,295,1112.0,206.8901672
1966,1991,1112.0,125.9485703
1967,2203,1112.0,200.8254242
1968,270,1112.0,150.2855072
1969,1475,1112.0,211.5391998
1970,1826,1112.0,186.9685211
1971,553,1112.0,200.7852173
1972,947,1112.0,171.7680206
1973,559,1112.0,172.4011841
1974,992,1112.0,164.8619232
1975,935,1112.0,207.1240997
1976,258,1112.0,192.050293
1977,382,1112.0,210.6745453
1978,621,1112.0,160.3468323
1979,824,1112.0,166.5738373
1980,624,1112.0,201.1755676
1981,1481,1112.0,169.9035187
1982,2264,1112.0,195.7054901
1983,888,1112.0,163.8900757
1984,496,1112.0,209.5194092
1985,1112,1112.0,209.3267059
1986,1108,1112.0,209.2317963
1987,823,1112.0,167.046051
1988,884,1112.0,190.9291077
1989,311,1112.0,158.1996307
1990,1966,1112.0,152.5189819
1991,690,1112.0,201.5347443
1992,948,1112.0,140.2709351
1993,1005,1112.0,207.727829
1994,1496,1112.0,207.4857025
1995,1070,1112.0,178.4126892
1996,1996,1112.0,150.0929108
1997,951,1112.0,160.1776123
1998,294,1112.0,181.9146729
1999,1235,1112.0,193.4714355
2000,545,1112.0,205.9781189
2001,1401,1112.0,182.5102692
2002,353,1112.0,139.0809479
2003,445,1112.0,133.6693573
2004,2204,1112.0,200.0532227
2005,2227,1112.0,158.5314941
2006,252,1112.0,168.442215
2007,1011,1112.0,164.7622528
2008,1175,940.0,194.4354401
2009,381,940.0,270.7571411
2010,1206,940.0,270.730896
2011,497,940.0,197.8455353
2012,1103,940.0,270.1066284
2013,1771,940.0,247.4436035
2014,1200,940.0,254.3083649
2015,300,940.0,269.0872498
2016,2021,940.0,153.2056274
2017,2094,940.0,228.9724426
2018,1654,940.0,268.4305115
2019,1715,940.0,267.3513794
2020,941,940.0,261.4047241
2021,380,940.0,267.1985779
2022,2284,940.0,267.0614014
2023,1169,940.0,262.3021545
2024,1546,940.0,254.3486633
2025,487,940.0,257.092865
2026,1541,940.0,226.5766754
2027,1544,940.0,266.2834473
2028,1168,940.0,266.0619812
2029,1285,940.0,231.8473816
2030,1459,940.0,265.3966064
2031,879,940.0,264.7419434
2032,1343,940.0,264.4465332
2033,1422,940.0,246.425293
2034,2098,940.0,204.3979034
2035,878,940.0,264.1413879
2036,812,940.0,264.1101074
2037,1934,940.0,222.4045258
2038,1104,940.0,245.0658875
2039,1512,940.0,262.7862549
2040,1938,940.0,184.5530701
2041,1123,940.0,262.6582642
2042,309,940.0,232.8050232
2043,1265,940.0,262.3076172
2044,1586,940.0,261.8605957
2045,1925,940.0,261.1350708
2046,485,940.0,234.4712067
2047,933,940.0,260.6922607
2048,1473,940.0,259.9814453
2049,2068,940.0,172.7609558
2050,1612,940.0,194.3984375
2051,443,940.0,195.6007996
2052,608,940.0,259.2253418
2053,1395,940.0,259.1731873
2054,484,940.0,258.621521
2055,219,940.0,258.4139099
2056,1969,940.0,232.6982422
2057,1628,940.0,257.8746948
2058,2168,940.0,257.4944153
2059,2096,940.0,220.2961426
2060,1051,940.0,237.470459
2061,1611,940.0,176.782135
2062,1873,940.0,245.3704681
2063,2023,940.0,165.624115
2064,2125,940.0,256.5983582
2065,804,940.0,241.7380219
2066,1144,940.0,240.1938324
2067,1386,940.0,152.4297485
2068,432,940.0,245.755661
2069,253,940.0,255.0539703
2070,1588,940.0,254.697998
2071,2069,940.0,180.5710754
2072,940,940.0,254.2696991
2073,554,940.0,241.5182343
2074,1153,940.0,179.1768036
2075,1855,940.0,235.5785522
2076,1985,940.0,234.5047302
2077,1992,940.0,151.3814392
2078,548,940.0,237.7331848
2079,1968,940.0,161.3602142
2080,1159,940.0,231.5338593
2081,1485,940.0,252.0555878
2082,743,940.0,245.5848236
2083,349,940.0,228.7666626
2084,1330,940.0,251.8754272
2085,438,940.0,221.5709686
2086,2113,940.0,180.9213409
2087,1552,940.0,178.4844513
2088,396,940.0,251.2910156
2089,351,940.0,220.7291565
2090,1737,940.0,251.2098236
2091,813,940.0,251.0015106
2092,2212,947.0,1.0
2093,2136,947.0,1.0
2094,2170,947.0,1.0
2095,2128,947.0,1.0
2096,2174,947.0,1.0
2097,2129,947.0,1.0
2098,2130,947.0,1.0
2099,2140,947.0,1.0
2100,2320,947.0,1.0
2101,2184,947.0,1.0
2102,2336,947.0,1.0
2103,2319,947.0,1.0
2104,2353,947.0,1.0
2105,2305,947.0,1.0
2106,2193,947.0,1.0
2107,2385,947.0,1.0
2108,2309,947.0,1.0
2109,2150,947.0,1.0
2110,2293,947.0,1.0
2111,2224,947.0,1.0
2112,2338,947.0,1.0
2113,2123,947.0,1.0
2114,2261,947.0,1.0
2115,2102,947.0,1.0
2116,2267,947.0,1.0
2117,2194,947.0,1.0
2118,2112,947.0,1.0
2119,2097,947.0,1.0
2120,2145,947.0,1.0
2121,2177,947.0,1.0
2122,2134,947.0,1.0
2123,2185,947.0,1.0
2124,2176,947.0,1.0
2125,2143,947.0,1.0
2126,2133,947.0,1.0
2127,2196,947.0,1.0
2128,2180,947.0,1.0
2129,2330,947.0,1.0
2130,2377,947.0,1.0
2131,2392,947.0,1.0
2132,2403,947.0,1.0
2133,2408,947.0,1.0
2134,2325,947.0,1.0
2135,2382,947.0,1.0
2136,2092,947.0,1.0
2137,2409,947.0,1.0
2138,2380,947.0,1.0
2139,2407,947.0,1.0
2140,2300,947.0,1.0
2141,2235,947.0,1.0
2142,2388,947.0,1.0
2143,2303,947.0,1.0
2144,2416,947.0,1.0
2145,2106,947.0,1.0
2146,2387,947.0,1.0
2147,2414,947.0,1.0
2148,2304,947.0,1.0
2149,2410,947.0,1.0
2150,2405,947.0,1.0
2151,2105,947.0,1.0
2152,2400,947.0,1.0
2153,2271,947.0,1.0
2154,2259,947.0,1.0
2155,2122,947.0,1.0
2156,2411,947.0,1.0
2157,2378,947.0,1.0
2158,2358,947.0,1.0
2159,2317,947.0,1.0
2160,2398,947.0,1.0
2161,2108,947.0,1.0
2162,2331,947.0,1.0
2163,2270,947.0,1.0
2164,2302,947.0,1.0
2165,2269,947.0,1.0
2166,2389,947.0,1.0
2167,2412,947.0,1.0
2168,2206,947.0,1.0
2169,2361,947.0,1.0
2170,2395,947.0,1.0
2171,2415,947.0,1.0
2172,2347,947.0,1.0
2173,2379,947.0,1.0
2174,2413,947.0,1.0
2175,2351,947.0,1.0
2176,2359,947.0,1.0
2177,2406,947.0,1.0
2178,2272,947.0,1.0
2179,2370,947.0,1.0
2180,2339,947.0,1.0
2181,2299,947.0,1.0
2182,2197,947.0,1.0
2183,2207,947.0,1.0
2184,2360,947.0,1.0
2185,2350,947.0,1.0
2186,2258,947.0,1.0
2187,2273,947.0,1.0
2188,2417,947.0,1.0
2189,2329,947.0,1.0
2190,2399,947.0,1.0
2191,2362,947.0,1.0
2192,2328,947.0,1.0
2193,2352,947.0,1.0
2194,2363,947.0,1.0
2195,2348,947.0,1.0
2196,2301,947.0,1.0
2197,2371,947.0,1.0
2198,2326,947.0,1.0
2199,2349,947.0,1.0
2200,2327,947.0,1.0
2201,2228,947.0,1.0
2202,2159,947.0,1.0
2203,2114,947.0,1.0
2204,2218,947.0,1.0
2205,2266,947.0,1.0
2206,2188,947.0,1.0
2207,2225,947.0,1.0
2208,2296,947.0,1.0
2209,2115,947.0,1.0
2210,2240,947.0,1.0
2211,2202,947.0,1.0
2212,2283,947.0,1.0
2213,2211,947.0,1.0
2214,2093,947.0,1.0
2215,2308,947.0,1.0
2216,2288,947.0,1.0
2217,2158,947.0,1.0
2218,2200,947.0,1.0
2219,2280,947.0,1.0
2220,2167,947.0,1.0
2221,2315,947.0,1.0
2222,2229,947.0,1.0
2223,2201,947.0,1.0
2224,2310,947.0,1.0
2225,2175,947.0,1.0
2226,2169,947.0,1.0
2227,2285,947.0,1.0
2228,2135,947.0,1.0
2229,2127,947.0,1.0
2230,2253,947.0,1.0
2231,2251,947.0,1.0
2232,2286,947.0,1.0
2233,2214,947.0,1.0
2234,2215,947.0,1.0
2235,2172,947.0,1.0
2236,2255,947.0,1.0
2237,2316,947.0,1.0
2238,2220,947.0,1.0
2239,2223,947.0,1.0
2240,2318,947.0,1.0
2241,2236,947.0,1.0
2242,2118,947.0,1.0
2243,2245,947.0,1.0
2244,2332,947.0,1.0
2245,2386,947.0,1.0
2246,2256,947.0,1.0
2247,2333,947.0,1.0
2248,2268,947.0,1.0
2249,2182,947.0,1.0
2250,2345,947.0,1.0
2251,2154,947.0,1.0
2252,2291,947.0,1.0
2253,2390,947.0,1.0
2254,2179,947.0,1.0
2255,2260,947.0,1.0
2256,2404,947.0,1.0
2257,2166,947.0,1.0
2258,2147,947.0,1.0
2259,2148,947.0,1.0
2260,2101,947.0,1.0
2261,2124,947.0,1.0
2262,2249,947.0,1.0
2263,2239,947.0,1.0
2264,2142,947.0,1.0
2265,2354,947.0,1.0
2266,2307,947.0,1.0
2267,2313,947.0,1.0
2268,2210,947.0,1.0
2269,2374,947.0,1.0
2270,2262,947.0,1.0
2271,2199,947.0,1.0
2272,2116,947.0,1.0
2273,2230,947.0,1.0
2274,2314,947.0,1.0
2275,2238,947.0,1.0
2276,2161,947.0,1.0
2277,2295,947.0,1.0
2278,2247,947.0,1.0
2279,2297,947.0,1.0
2280,2375,947.0,1.0
2281,2149,947.0,1.0
2282,2209,947.0,1.0
2283,2384,947.0,1.0
2284,2294,947.0,1.0
2285,2282,947.0,1.0
2286,2342,947.0,1.0
2287,2356,947.0,1.0
2288,2141,947.0,1.0
2289,2160,947.0,1.0
2290,2162,947.0,1.0
2291,2311,947.0,1.0
2292,2366,947.0,1.0
2293,2157,947.0,1.0
2294,2213,947.0,1.0
2295,2250,947.0,1.0
2296,2171,947.0,1.0
2297,2252,947.0,1.0
2298,2173,947.0,1.0
2299,2178,947.0,1.0
2300,2137,947.0,1.0
2301,2217,947.0,1.0
2302,2287,947.0,1.0
2303,2132,947.0,1.0
2304,2131,947.0,1.0
2305,2216,947.0,1.0
2306,2126,947.0,1.0
2307,2144,947.0,1.0
2308,2367,947.0,1.0
2309,2343,947.0,1.0
2310,2198,947.0,1.0
2311,2344,947.0,1.0
2312,2365,947.0,1.0
2313,2246,947.0,1.0
2314,2322,947.0,1.0
2315,2191,947.0,1.0
2316,2281,947.0,1.0
2317,2111,947.0,1.0
2318,2321,947.0,1.0
2319,2192,947.0,1.0
2320,2276,947.0,1.0
2321,2117,947.0,1.0
2322,2355,947.0,1.0
2323,2341,947.0,1.0
2324,2231,947.0,1.0
2325,2312,947.0,1.0
2326,2306,947.0,1.0
2327,2376,947.0,1.0
2328,2107,947.0,1.0
2329,2334,947.0,1.0
2330,2195,947.0,1.0
2331,2152,947.0,1.0
2332,2153,947.0,1.0
2333,2234,947.0,1.0
2334,2181,947.0,1.0
2335,2110,947.0,1.0
2336,2274,947.0,1.0
2337,2119,947.0,1.0
2338,2275,947.0,1.0
2339,2397,947.0,1.0
2340,2324,947.0,1.0
2341,2402,947.0,1.0
2342,2155,947.0,1.0
2343,2138,947.0,1.0
2344,2401,947.0,1.0
2345,2103,947.0,1.0
2346,2257,947.0,1.0
2347,2391,947.0,1.0
2348,2109,947.0,1.0
2349,2139,947.0,1.0
2350,2222,947.0,1.0
2351,2369,947.0,1.0
2352,2121,947.0,1.0
2353,2208,947.0,1.0
2354,2298,947.0,1.0
2355,2221,947.0,1.0
2356,2381,947.0,1.0
2357,2120,947.0,1.0
2358,2346,947.0,1.0
2359,2104,947.0,1.0
2360,2396,947.0,1.0
2361,2394,947.0,1.0
2362,2372,947.0,1.0
2363,2290,947.0,1.0
2364,2364,947.0,1.0
2365,2156,947.0,1.0
2366,2183,947.0,1.0
2367,2337,947.0,1.0
2368,2205,947.0,1.0
2369,2237,947.0,1.0
2370,2254,947.0,1.0
2371,2383,947.0,1.0
2372,2292,947.0,1.0
2373,2368,947.0,1.0
2374,2340,947.0,1.0
2375,2335,947.0,1.0
2376,2164,947.0,1.0
2377,2393,947.0,1.0
2378,2163,947.0,1.0
2379,2219,947.0,1.0
2380,2165,947.0,1.0
2381,2323,947.0,1.0
2382,2373,947.0,1.0
2383,2151,947.0,1.0
2384,2244,947.0,1.0
2385,2233,947.0,1.0
2386,2232,947.0,1.0
2387,2357,947.0,1.0
2388,2265,947.0,1.0
2389,2241,947.0,1.0
2390,2242,947.0,1.0
2391,2203,947.0,1.0
2392,2264,947.0,1.0
2393,2204,947.0,1.0
2394,2227,947.0,1.0
2395,2279,947.0,1.0
2396,2263,947.0,1.0
2397,2187,947.0,1.0
2398,2278,947.0,1.0
2399,2146,947.0,1.0
2400,2189,947.0,1.0
2401,2243,947.0,1.0
2402,2190,947.0,1.0
2403,2248,947.0,1.0
2404,2277,947.0,1.0
2405,2226,947.0,1.0
2406,2094,947.0,1.0
2407,2284,947.0,1.0
2408,2098,947.0,1.0
2409,2168,947.0,1.0
2410,2096,947.0,1.0
2411,2125,947.0,1.0
2412,2113,947.0,1.0
2413,2186,947.0,1.0
2414,2289,947.0,1.0
2415,2100,947.0,1.0
2416,2095,947.0,1.0
2417,2099,947.0,1.0
